Test,DAYSBACK,PCTMIN,PCTMAX,ATHMIN,ATHMAX,MAXBUYS,BUYDROP,TARGET,STOPLOSS,MAXDURA,WinRate,TotalTrade,Executed,Open,Closed,ProfitTGT,LossSL,LossFEMD,LossFECD,ProfitFEMD,ProfitFECD,Pending,Expired,Invalid,TotalRows,Wins,Losses,TotalStock,SumProfit,SumGainFin,Dur5,Dur10,Dur15,Dur20,Dur25,Dur30,Dur35,Dur40,ExitTGT,ExitSL,ExitFEMD,ExitFECD
676266,50,-0.06,-0.01,-0.45,-0.25,2,0.1,0.1,0.15,30,69.78,3693,3568,37,3531,2095,0,1067,0,369,0,5,120,28,3721,2464,1067,3721,1289640.22,14004.02,548,480,399,304,217,1583,0,0,2095,0,1436,0
676267,50,-0.06,-0.01,-0.45,-0.25,2,0.1,0.1,0.15,40,63.81,3696,3571,40,3531,2070,822,387,69,132,51,5,120,25,3721,2253,1278,3721,576120.66,10412.72,596,612,476,380,255,224,194,794,2070,822,519,120
676268,50,-0.06,-0.01,-0.45,-0.25,2,0.1,0.1,0.15,40,46.21,3696,3571,59,3512,0,1015,765,109,788,835,5,120,25,3721,1623,1889,3721,-48383.41,6073.74,48,142,109,126,90,143,196,2658,0,1015,1553,944
676269,50,-0.06,-0.01,-0.45,-0.25,2,0.1,0.1,0.15,40,70.44,3693,3568,40,3528,2253,0,884,159,156,76,5,120,28,3721,2485,1043,3721,1095230.97,13486.7,548,480,399,304,217,147,83,1350,2253,0,1040,235
676270,50,-0.06,-0.01,-0.45,-0.25,2,0.1,0.1,0.15,50,63.04,3696,3571,40,3531,2077,855,0,450,0,149,5,120,25,3721,2226,1305,3721,508183.65,10041.66,596,612,476,380,255,224,194,794,2077,855,0,599
676271,50,-0.06,-0.01,-0.45,-0.25,2,0.1,0.1,0.15,50,44.08,3696,3571,59,3512,0,1097,0,867,0,1548,5,120,25,3721,1548,1964,3721,-284911.18,4522.08,48,142,109,126,90,143,196,2658,0,1097,0,2415
676272,50,-0.06,-0.01,-0.45,-0.25,2,0.1,0.1,0.15,50,70.07,3693,3568,40,3528,2262,0,0,1056,0,210,5,120,28,3721,2472,1056,3721,916303.99,12553.32,548,480,399,304,217,147,83,1350,2262,0,0,1266
676273,50,-0.06,-0.01,-0.45,-0.25,2,0.1,0.1,0.15,60,63.04,3696,3571,40,3531,2077,855,0,450,0,149,5,120,25,3721,2226,1305,3721,508183.65,10041.66,596,612,476,380,255,224,194,794,2077,855,0,599
676274,50,-0.06,-0.01,-0.45,-0.25,2,0.1,0.1,0.15,60,44.08,3696,3571,59,3512,0,1097,0,867,0,1548,5,120,25,3721,1548,1964,3721,-284911.18,4522.08,48,142,109,126,90,143,196,2658,0,1097,0,2415
676275,50,-0.06,-0.01,-0.45,-0.25,2,0.1,0.1,0.15,60,70.07,3693,3568,40,3528,2262,0,0,1056,0,210,5,120,28,3721,2472,1056,3721,916303.99,12553.32,548,480,399,304,217,147,83,1350,2262,0,0,1266
676276,50,-0.06,-0.01,-0.45,-0.25,2,0.1,0.2,0.15,20,60.5,3696,3571,34,3537,581,422,975,0,1559,0,5,120,25,3721,2140,1397,3721,1224111.57,13515.27,101,311,301,2824,0,0,0,0,581,422,2534,0
676277,50,-0.06,-0.01,-0.45,-0.25,2,0.1,0.2,0.15,20,60.34,3696,3571,36,3535,0,425,977,0,2133,0,5,120,25,3721,2133,1402,3721,1143858.8,12812.16,48,142,109,3236,0,0,0,0,0,425,3110,0
676278,50,-0.06,-0.01,-0.45,-0.25,2,0.1,0.2,0.15,20,63.78,3693,3568,34,3534,595,0,1280,0,1659,0,5,120,28,3721,2254,1280,3721,1513692.17,15392.99,53,170,197,3114,0,0,0,0,595,0,2939,0
676279,50,-0.06,-0.01,-0.45,-0.25,2,0.1,0.2,0.15,30,53.32,3696,3571,47,3524,843,649,996,0,1036,0,5,120,25,3721,1879,1645,3721,930052.58,12052.32,101,311,301,290,235,2286,0,0,843,649,2032,0
676280,50,-0.06,-0.01,-0.45,-0.25,2,0.1,0.2,0.15,30,51.55,3696,3571,50,3521,0,658,1048,0,1815,0,5,120,25,3721,1815,1706,3721,609429.89,9271.83,48,142,109,126,90,3006,0,0,0,658,2863,0
676281,50,-0.06,-0.01,-0.45,-0.25,2,0.1,0.2,0.15,30,58.7,3693,3568,47,3521,902,0,1454,0,1165,0,5,120,28,3721,2067,1454,3721,1432473.15,15052.26,53,170,197,175,170,2756,0,0,902,0,2619,0
676282,50,-0.06,-0.01,-0.45,-0.25,2,0.1,0.2,0.15,40,49.6,3696,3571,55,3516,964,978,687,107,455,325,5,120,25,3721,1744,1772,3721,435825.05,10030.08,101,311,301,290,235,254,241,1783,964,978,1142,432
676283,50,-0.06,-0.01,-0.45,-0.25,2,0.1,0.2,0.15,40,46.21,3696,3571,59,3512,0,1015,765,109,788,835,5,120,25,3721,1623,1889,3721,-48383.41,6073.74,48,142,109,126,90,143,196,2658,0,1015,1553,944
676284,50,-0.06,-0.01,-0.45,-0.25,2,0.1,0.2,0.15,40,55.62,3693,3568,55,3513,1044,0,1346,213,503,407,5,120,28,3721,1954,1559,3721,923605.45,13014.68,53,170,197,175,170,137,82,2529,1044,0,1849,620
676285,50,-0.06,-0.01,-0.45,-0.25,2,0.1,0.2,0.15,50,48.21,3696,3571,55,3516,970,1052,0,769,0,725,5,120,25,3721,1695,1821,3721,283731.58,9161.71,101,311,301,290,235,254,241,1783,970,1052,0,1494
676286,50,-0.06,-0.01,-0.45,-0.25,2,0.1,0.2,0.15,50,44.08,3696,3571,59,3512,0,1097,0,867,0,1548,5,120,25,3721,1548,1964,3721,-284911.18,4522.08,48,142,109,126,90,143,196,2658,0,1097,0,2415
676287,50,-0.06,-0.01,-0.45,-0.25,2,0.1,0.2,0.15,50,54.6,3693,3568,55,3513,1051,0,0,1595,0,867,5,120,28,3721,1918,1595,3721,573257.1,11188.83,53,170,197,175,170,137,82,2529,1051,0,0,2462
676288,50,-0.06,-0.01,-0.45,-0.25,2,0.1,0.2,0.15,60,48.21,3696,3571,55,3516,970,1052,0,769,0,725,5,120,25,3721,1695,1821,3721,283731.58,9161.71,101,311,301,290,235,254,241,1783,970,1052,0,1494
676289,50,-0.06,-0.01,-0.45,-0.25,2,0.1,0.2,0.15,60,44.08,3696,3571,59,3512,0,1097,0,867,0,1548,5,120,25,3721,1548,1964,3721,-284911.18,4522.08,48,142,109,126,90,143,196,2658,0,1097,0,2415
676290,50,-0.06,-0.01,-0.45,-0.25,2,0.1,0.2,0.15,60,54.6,3693,3568,55,3513,1051,0,0,1595,0,867,5,120,28,3721,1918,1595,3721,573257.1,11188.83,53,170,197,175,170,137,82,2529,1051,0,0,2462
676291,50,-0.06,-0.01,-0.45,-0.25,2,0.2,0.1,0.15,20,61.45,3696,3571,28,3543,1562,401,965,0,615,0,5,120,25,3721,2177,1366,3721,662963.97,6657.14,581,579,431,1952,0,0,0,0,1562,401,1580,0
676292,50,-0.06,-0.01,-0.45,-0.25,2,0.2,0.1,0.15,20,57.26,3696,3571,36,3535,0,425,1086,0,2024,0,5,120,25,3721,2024,1511,3721,767687.3,7731.61,48,142,109,3236,0,0,0,0,0,425,3110,0
676293,50,-0.06,-0.01,-0.45,-0.25,2,0.2,0.1,0.15,20,63.11,3693,3568,28,3540,1587,0,1306,0,647,0,5,120,28,3721,2234,1306,3721,814105.84,8144.73,533,441,335,2231,0,0,0,0,1587,0,1953,0
676294,50,-0.06,-0.01,-0.45,-0.25,2,0.2,0.1,0.15,30,60.19,3696,3571,37,3534,1834,599,808,0,293,0,5,120,25,3721,2127,1407,3721,539876.5,5429.82,581,579,431,372,238,1333,0,0,1834,599,1101,0
676295,50,-0.06,-0.01,-0.45,-0.25,2,0.2,0.1,0.15,30,48.08,3696,3571,50,3521,0,658,1170,0,1693,0,5,120,25,3721,1693,1828,3721,230749.78,2315.4,48,142,109,126,90,3006,0,0,0,658,2863,0
676296,50,-0.06,-0.01,-0.45,-0.25,2,0.2,0.1,0.15,30,63.72,3693,3568,37,3531,1910,0,1281,0,340,0,5,120,28,3721,2250,1281,3721,789348.41,7921.72,533,441,335,278,187,1757,0,0,1910,0,1621,0
676297,50,-0.06,-0.01,-0.45,-0.25,2,0.2,0.1,0.15,40,58.91,3696,3571,40,3531,1929,855,491,105,96,55,5,120,25,3721,2080,1451,3721,316974.12,3156.02,581,579,431,372,238,232,194,904,1929,855,587,160
676298,50,-0.06,-0.01,-0.45,-0.25,2,0.2,0.1,0.15,40,41.71,3696,3571,59,3512,0,1015,882,150,671,794,5,120,25,3721,1465,2047,3721,-236886.7,-2538.31,48,142,109,126,90,143,196,2658,0,1015,1553,944
676299,50,-0.06,-0.01,-0.45,-0.25,2,0.2,0.1,0.15,40,63.07,3693,3568,40,3528,2036,0,1072,231,104,85,5,120,28,3721,2225,1303,3721,583245.66,5818.05,533,441,335,278,187,136,71,1547,2036,0,1176,316
676300,50,-0.06,-0.01,-0.45,-0.25,2,0.2,0.1,0.15,50,58.57,3696,3571,40,3531,1934,893,0,570,0,134,5,120,25,3721,2068,1463,3721,271674.69,2682.91,581,579,431,372,238,232,194,904,1934,893,0,704
676301,50,-0.06,-0.01,-0.45,-0.25,2,0.2,0.1,0.15,50,40.23,3696,3571,59,3512,0,1097,0,1002,0,1413,5,120,25,3721,1413,2099,3721,-395365.22,-4175.31,48,142,109,126,90,143,196,2658,0,1097,0,2415
676302,50,-0.06,-0.01,-0.45,-0.25,2,0.2,0.1,0.15,50,62.95,3693,3568,40,3528,2042,0,0,1307,0,179,5,120,28,3721,2221,1307,3721,476523.2,4723.34,533,441,335,278,187,136,71,1547,2042,0,0,1486
676303,50,-0.06,-0.01,-0.45,-0.25,2,0.2,0.1,0.15,60,58.57,3696,3571,40,3531,1934,893,0,570,0,134,5,120,25,3721,2068,1463,3721,271674.69,2682.91,581,579,431,372,238,232,194,904,1934,893,0,704
676304,50,-0.06,-0.01,-0.45,-0.25,2,0.2,0.1,0.15,60,40.23,3696,3571,59,3512,0,1097,0,1002,0,1413,5,120,25,3721,1413,2099,3721,-395365.22,-4175.31,48,142,109,126,90,143,196,2658,0,1097,0,2415
676305,50,-0.06,-0.01,-0.45,-0.25,2,0.2,0.1,0.15,60,62.95,3693,3568,40,3528,2042,0,0,1307,0,179,5,120,28,3721,2221,1307,3721,476523.2,4723.34,533,441,335,278,187,136,71,1547,2042,0,0,1486
676306,50,-0.06,-0.01,-0.45,-0.25,2,0.2,0.2,0.15,20,57.42,3696,3571,34,3537,524,423,1083,0,1507,0,5,120,25,3721,2031,1506,3721,833352.41,8417.35,101,303,282,2851,0,0,0,0,524,423,2590,0
676307,50,-0.06,-0.01,-0.45,-0.25,2,0.2,0.2,0.15,20,57.26,3696,3571,36,3535,0,425,1086,0,2024,0,5,120,25,3721,2024,1511,3721,767687.3,7731.61,48,142,109,3236,0,0,0,0,0,425,3110,0
676308,50,-0.06,-0.01,-0.45,-0.25,2,0.2,0.2,0.15,20,59.05,3693,3568,34,3534,529,0,1447,0,1558,0,5,120,28,3721,2087,1447,3721,986436.98,9924.6,53,162,174,3145,0,0,0,0,529,0,3005,0
676309,50,-0.06,-0.01,-0.45,-0.25,2,0.2,0.2,0.15,30,49.57,3696,3571,47,3524,754,652,1125,0,993,0,5,120,25,3721,1747,1777,3721,485172.16,4900.04,101,303,282,261,215,2362,0,0,754,652,2118,0
676310,50,-0.06,-0.01,-0.45,-0.25,2,0.2,0.2,0.15,30,48.08,3696,3571,50,3521,0,658,1170,0,1693,0,5,120,25,3721,1693,1828,3721,230749.78,2315.4,48,142,109,126,90,3006,0,0,0,658,2863,0
676311,50,-0.06,-0.01,-0.45,-0.25,2,0.2,0.2,0.15,30,53.08,3693,3568,47,3521,779,0,1652,0,1090,0,5,120,28,3721,1869,1652,3721,740124.92,7435.45,53,162,174,140,135,2857,0,0,779,0,2742,0
676312,50,-0.06,-0.01,-0.45,-0.25,2,0.2,0.2,0.15,40,44.71,3696,3571,55,3516,877,988,809,147,373,322,5,120,25,3721,1572,1944,3721,120628.19,1222.75,101,303,282,261,215,244,251,1859,877,988,1182,469
676313,50,-0.06,-0.01,-0.45,-0.25,2,0.2,0.2,0.15,40,41.71,3696,3571,59,3512,0,1015,882,150,671,794,5,120,25,3721,1465,2047,3721,-236886.7,-2538.31,48,142,109,126,90,143,196,2658,0,1015,1553,944
676314,50,-0.06,-0.01,-0.45,-0.25,2,0.2,0.2,0.15,40,48.42,3693,3568,55,3513,919,0,1523,289,389,393,5,120,28,3721,1701,1812,3721,365593.47,3644.5,53,162,174,140,135,115,91,2643,919,0,1912,682
676315,50,-0.06,-0.01,-0.45,-0.25,2,0.2,0.2,0.15,50,43.91,3696,3571,55,3516,883,1063,0,909,0,661,5,120,25,3721,1544,1972,3721,23538.43,238.04,101,303,282,261,215,244,251,1859,883,1063,0,1570
676316,50,-0.06,-0.01,-0.45,-0.25,2,0.2,0.2,0.15,50,40.23,3696,3571,59,3512,0,1097,0,1002,0,1413,5,120,25,3721,1413,2099,3721,-395365.22,-4175.31,48,142,109,126,90,143,196,2658,0,1097,0,2415
676317,50,-0.06,-0.01,-0.45,-0.25,2,0.2,0.2,0.15,50,47.79,3693,3568,55,3513,925,0,0,1834,0,754,5,120,28,3721,1679,1834,3721,171597.54,1677.55,53,162,174,140,135,115,91,2643,925,0,0,2588
676318,50,-0.06,-0.01,-0.45,-0.25,2,0.2,0.2,0.15,60,43.91,3696,3571,55,3516,883,1063,0,909,0,661,5,120,25,3721,1544,1972,3721,23538.43,238.04,101,303,282,261,215,244,251,1859,883,1063,0,1570
676319,50,-0.06,-0.01,-0.45,-0.25,2,0.2,0.2,0.15,60,40.23,3696,3571,59,3512,0,1097,0,1002,0,1413,5,120,25,3721,1413,2099,3721,-395365.22,-4175.31,48,142,109,126,90,143,196,2658,0,1097,0,2415
676320,50,-0.06,-0.01,-0.45,-0.25,2,0.2,0.2,0.15,60,47.79,3693,3568,55,3513,925,0,0,1834,0,754,5,120,28,3721,1679,1834,3721,171597.54,1677.55,53,162,174,140,135,115,91,2643,925,0,0,2588
676321,50,-0.06,-0.01,-0.4,-0.4,1,0.1,0.1,0.15,20,0,1,0,0,0,0,0,0,0,0,0,0,1,0,1,0,0,1,0.0,0.0,0,0,0,0,0,0,0,0,0,0,0,0
676322,50,-0.06,-0.01,-0.4,-0.4,1,0.1,0.1,0.15,20,0,1,0,0,0,0,0,0,0,0,0,0,1,0,1,0,0,1,0.0,0.0,0,0,0,0,0,0,0,0,0,0,0,0
676323,50,-0.06,-0.01,-0.4,-0.4,1,0.1,0.1,0.15,20,0,1,0,0,0,0,0,0,0,0,0,0,1,0,1,0,0,1,0.0,0.0,0,0,0,0,0,0,0,0,0,0,0,0
676324,50,-0.06,-0.01,-0.4,-0.4,1,0.1,0.1,0.15,30,0,1,0,0,0,0,0,0,0,0,0,0,1,0,1,0,0,1,0.0,0.0,0,0,0,0,0,0,0,0,0,0,0,0
676325,50,-0.06,-0.01,-0.4,-0.4,1,0.1,0.1,0.15,30,0,1,0,0,0,0,0,0,0,0,0,0,1,0,1,0,0,1,0.0,0.0,0,0,0,0,0,0,0,0,0,0,0,0
676326,50,-0.06,-0.01,-0.4,-0.4,1,0.1,0.1,0.15,30,0,1,0,0,0,0,0,0,0,0,0,0,1,0,1,0,0,1,0.0,0.0,0,0,0,0,0,0,0,0,0,0,0,0
676327,50,-0.06,-0.01,-0.4,-0.4,1,0.1,0.1,0.15,40,0,1,0,0,0,0,0,0,0,0,0,0,1,0,1,0,0,1,0.0,0.0,0,0,0,0,0,0,0,0,0,0,0,0
676328,50,-0.06,-0.01,-0.4,-0.4,1,0.1,0.1,0.15,40,0,1,0,0,0,0,0,0,0,0,0,0,1,0,1,0,0,1,0.0,0.0,0,0,0,0,0,0,0,0,0,0,0,0
676329,50,-0.06,-0.01,-0.4,-0.4,1,0.1,0.1,0.15,40,0,1,0,0,0,0,0,0,0,0,0,0,1,0,1,0,0,1,0.0,0.0,0,0,0,0,0,0,0,0,0,0,0,0
676330,50,-0.06,-0.01,-0.4,-0.4,1,0.1,0.1,0.15,50,0,1,0,0,0,0,0,0,0,0,0,0,1,0,1,0,0,1,0.0,0.0,0,0,0,0,0,0,0,0,0,0,0,0
676331,50,-0.06,-0.01,-0.4,-0.4,1,0.1,0.1,0.15,50,0,1,0,0,0,0,0,0,0,0,0,0,1,0,1,0,0,1,0.0,0.0,0,0,0,0,0,0,0,0,0,0,0,0
676332,50,-0.06,-0.01,-0.4,-0.4,1,0.1,0.1,0.15,50,0,1,0,0,0,0,0,0,0,0,0,0,1,0,1,0,0,1,0.0,0.0,0,0,0,0,0,0,0,0,0,0,0,0
676333,50,-0.06,-0.01,-0.4,-0.4,1,0.1,0.1,0.15,60,0,1,0,0,0,0,0,0,0,0,0,0,1,0,1,0,0,1,0.0,0.0,0,0,0,0,0,0,0,0,0,0,0,0
676334,50,-0.06,-0.01,-0.4,-0.4,1,0.1,0.1,0.15,60,0,1,0,0,0,0,0,0,0,0,0,0,1,0,1,0,0,1,0.0,0.0,0,0,0,0,0,0,0,0,0,0,0,0
676335,50,-0.06,-0.01,-0.4,-0.4,1,0.1,0.1,0.15,60,0,1,0,0,0,0,0,0,0,0,0,0,1,0,1,0,0,1,0.0,0.0,0,0,0,0,0,0,0,0,0,0,0,0
676336,50,-0.06,-0.01,-0.4,-0.4,1,0.1,0.2,0.15,20,0,1,0,0,0,0,0,0,0,0,0,0,1,0,1,0,0,1,0.0,0.0,0,0,0,0,0,0,0,0,0,0,0,0
676337,50,-0.06,-0.01,-0.4,-0.4,1,0.1,0.2,0.15,20,0,1,0,0,0,0,0,0,0,0,0,0,1,0,1,0,0,1,0.0,0.0,0,0,0,0,0,0,0,0,0,0,0,0
676338,50,-0.06,-0.01,-0.4,-0.4,1,0.1,0.2,0.15,20,0,1,0,0,0,0,0,0,0,0,0,0,1,0,1,0,0,1,0.0,0.0,0,0,0,0,0,0,0,0,0,0,0,0
676339,50,-0.06,-0.01,-0.4,-0.4,1,0.1,0.2,0.15,30,0,1,0,0,0,0,0,0,0,0,0,0,1,0,1,0,0,1,0.0,0.0,0,0,0,0,0,0,0,0,0,0,0,0
676340,50,-0.06,-0.01,-0.4,-0.4,1,0.1,0.2,0.15,30,0,1,0,0,0,0,0,0,0,0,0,0,1,0,1,0,0,1,0.0,0.0,0,0,0,0,0,0,0,0,0,0,0,0
676341,50,-0.06,-0.01,-0.4,-0.4,1,0.1,0.2,0.15,30,0,1,0,0,0,0,0,0,0,0,0,0,1,0,1,0,0,1,0.0,0.0,0,0,0,0,0,0,0,0,0,0,0,0
676342,50,-0.06,-0.01,-0.4,-0.4,1,0.1,0.2,0.15,40,0,1,0,0,0,0,0,0,0,0,0,0,1,0,1,0,0,1,0.0,0.0,0,0,0,0,0,0,0,0,0,0,0,0
676343,50,-0.06,-0.01,-0.4,-0.4,1,0.1,0.2,0.15,40,0,1,0,0,0,0,0,0,0,0,0,0,1,0,1,0,0,1,0.0,0.0,0,0,0,0,0,0,0,0,0,0,0,0
676344,50,-0.06,-0.01,-0.4,-0.4,1,0.1,0.2,0.15,40,0,1,0,0,0,0,0,0,0,0,0,0,1,0,1,0,0,1,0.0,0.0,0,0,0,0,0,0,0,0,0,0,0,0
676345,50,-0.06,-0.01,-0.4,-0.4,1,0.1,0.2,0.15,50,0,1,0,0,0,0,0,0,0,0,0,0,1,0,1,0,0,1,0.0,0.0,0,0,0,0,0,0,0,0,0,0,0,0
676346,50,-0.06,-0.01,-0.4,-0.4,1,0.1,0.2,0.15,50,0,1,0,0,0,0,0,0,0,0,0,0,1,0,1,0,0,1,0.0,0.0,0,0,0,0,0,0,0,0,0,0,0,0
676347,50,-0.06,-0.01,-0.4,-0.4,1,0.1,0.2,0.15,50,0,1,0,0,0,0,0,0,0,0,0,0,1,0,1,0,0,1,0.0,0.0,0,0,0,0,0,0,0,0,0,0,0,0
676348,50,-0.06,-0.01,-0.4,-0.4,1,0.1,0.2,0.15,60,0,1,0,0,0,0,0,0,0,0,0,0,1,0,1,0,0,1,0.0,0.0,0,0,0,0,0,0,0,0,0,0,0,0
676349,50,-0.06,-0.01,-0.4,-0.4,1,0.1,0.2,0.15,60,0,1,0,0,0,0,0,0,0,0,0,0,1,0,1,0,0,1,0.0,0.0,0,0,0,0,0,0,0,0,0,0,0,0
676350,50,-0.06,-0.01,-0.4,-0.4,1,0.1,0.2,0.15,60,0,1,0,0,0,0,0,0,0,0,0,0,1,0,1,0,0,1,0.0,0.0,0,0,0,0,0,0,0,0,0,0,0,0
676351,50,-0.06,-0.01,-0.4,-0.4,1,0.2,0.1,0.15,20,0,1,0,0,0,0,0,0,0,0,0,0,1,0,1,0,0,1,0.0,0.0,0,0,0,0,0,0,0,0,0,0,0,0
676352,50,-0.06,-0.01,-0.4,-0.4,1,0.2,0.1,0.15,20,0,1,0,0,0,0,0,0,0,0,0,0,1,0,1,0,0,1,0.0,0.0,0,0,0,0,0,0,0,0,0,0,0,0
676353,50,-0.06,-0.01,-0.4,-0.4,1,0.2,0.1,0.15,20,0,1,0,0,0,0,0,0,0,0,0,0,1,0,1,0,0,1,0.0,0.0,0,0,0,0,0,0,0,0,0,0,0,0
676354,50,-0.06,-0.01,-0.4,-0.4,1,0.2,0.1,0.15,30,0,1,0,0,0,0,0,0,0,0,0,0,1,0,1,0,0,1,0.0,0.0,0,0,0,0,0,0,0,0,0,0,0,0
676355,50,-0.06,-0.01,-0.4,-0.4,1,0.2,0.1,0.15,30,0,1,0,0,0,0,0,0,0,0,0,0,1,0,1,0,0,1,0.0,0.0,0,0,0,0,0,0,0,0,0,0,0,0
676356,50,-0.06,-0.01,-0.4,-0.4,1,0.2,0.1,0.15,30,0,1,0,0,0,0,0,0,0,0,0,0,1,0,1,0,0,1,0.0,0.0,0,0,0,0,0,0,0,0,0,0,0,0
676357,50,-0.06,-0.01,-0.4,-0.4,1,0.2,0.1,0.15,40,0,1,0,0,0,0,0,0,0,0,0,0,1,0,1,0,0,1,0.0,0.0,0,0,0,0,0,0,0,0,0,0,0,0
676358,50,-0.06,-0.01,-0.4,-0.4,1,0.2,0.1,0.15,40,0,1,0,0,0,0,0,0,0,0,0,0,1,0,1,0,0,1,0.0,0.0,0,0,0,0,0,0,0,0,0,0,0,0
676359,50,-0.06,-0.01,-0.4,-0.4,1,0.2,0.1,0.15,40,0,1,0,0,0,0,0,0,0,0,0,0,1,0,1,0,0,1,0.0,0.0,0,0,0,0,0,0,0,0,0,0,0,0
676360,50,-0.06,-0.01,-0.4,-0.4,1,0.2,0.1,0.15,50,0,1,0,0,0,0,0,0,0,0,0,0,1,0,1,0,0,1,0.0,0.0,0,0,0,0,0,0,0,0,0,0,0,0
676361,50,-0.06,-0.01,-0.4,-0.4,1,0.2,0.1,0.15,50,0,1,0,0,0,0,0,0,0,0,0,0,1,0,1,0,0,1,0.0,0.0,0,0,0,0,0,0,0,0,0,0,0,0
676362,50,-0.06,-0.01,-0.4,-0.4,1,0.2,0.1,0.15,50,0,1,0,0,0,0,0,0,0,0,0,0,1,0,1,0,0,1,0.0,0.0,0,0,0,0,0,0,0,0,0,0,0,0
676363,50,-0.06,-0.01,-0.4,-0.4,1,0.2,0.1,0.15,60,0,1,0,0,0,0,0,0,0,0,0,0,1,0,1,0,0,1,0.0,0.0,0,0,0,0,0,0,0,0,0,0,0,0
676364,50,-0.06,-0.01,-0.4,-0.4,1,0.2,0.1,0.15,60,0,1,0,0,0,0,0,0,0,0,0,0,1,0,1,0,0,1,0.0,0.0,0,0,0,0,0,0,0,0,0,0,0,0
676365,50,-0.06,-0.01,-0.4,-0.4,1,0.2,0.1,0.15,60,0,1,0,0,0,0,0,0,0,0,0,0,1,0,1,0,0,1,0.0,0.0,0,0,0,0,0,0,0,0,0,0,0,0
676366,50,-0.06,-0.01,-0.4,-0.4,1,0.2,0.2,0.15,20,0,1,0,0,0,0,0,0,0,0,0,0,1,0,1,0,0,1,0.0,0.0,0,0,0,0,0,0,0,0,0,0,0,0
676367,50,-0.06,-0.01,-0.4,-0.4,1,0.2,0.2,0.15,20,0,1,0,0,0,0,0,0,0,0,0,0,1,0,1,0,0,1,0.0,0.0,0,0,0,0,0,0,0,0,0,0,0,0
676368,50,-0.06,-0.01,-0.4,-0.4,1,0.2,0.2,0.15,20,0,1,0,0,0,0,0,0,0,0,0,0,1,0,1,0,0,1,0.0,0.0,0,0,0,0,0,0,0,0,0,0,0,0
676369,50,-0.06,-0.01,-0.4,-0.4,1,0.2,0.2,0.15,30,0,1,0,0,0,0,0,0,0,0,0,0,1,0,1,0,0,1,0.0,0.0,0,0,0,0,0,0,0,0,0,0,0,0
676370,50,-0.06,-0.01,-0.4,-0.4,1,0.2,0.2,0.15,30,0,1,0,0,0,0,0,0,0,0,0,0,1,0,1,0,0,1,0.0,0.0,0,0,0,0,0,0,0,0,0,0,0,0
676371,50,-0.06,-0.01,-0.4,-0.4,1,0.2,0.2,0.15,30,0,1,0,0,0,0,0,0,0,0,0,0,1,0,1,0,0,1,0.0,0.0,0,0,0,0,0,0,0,0,0,0,0,0
676372,50,-0.06,-0.01,-0.4,-0.4,1,0.2,0.2,0.15,40,0,1,0,0,0,0,0,0,0,0,0,0,1,0,1,0,0,1,0.0,0.0,0,0,0,0,0,0,0,0,0,0,0,0
676373,50,-0.06,-0.01,-0.4,-0.4,1,0.2,0.2,0.15,40,0,1,0,0,0,0,0,0,0,0,0,0,1,0,1,0,0,1,0.0,0.0,0,0,0,0,0,0,0,0,0,0,0,0
676374,50,-0.06,-0.01,-0.4,-0.4,1,0.2,0.2,0.15,40,0,1,0,0,0,0,0,0,0,0,0,0,1,0,1,0,0,1,0.0,0.0,0,0,0,0,0,0,0,0,0,0,0,0
676375,50,-0.06,-0.01,-0.4,-0.4,1,0.2,0.2,0.15,50,0,1,0,0,0,0,0,0,0,0,0,0,1,0,1,0,0,1,0.0,0.0,0,0,0,0,0,0,0,0,0,0,0,0
676376,50,-0.06,-0.01,-0.4,-0.4,1,0.2,0.2,0.15,50,0,1,0,0,0,0,0,0,0,0,0,0,1,0,1,0,0,1,0.0,0.0,0,0,0,0,0,0,0,0,0,0,0,0
676377,50,-0.06,-0.01,-0.4,-0.4,1,0.2,0.2,0.15,50,0,1,0,0,0,0,0,0,0,0,0,0,1,0,1,0,0,1,0.0,0.0,0,0,0,0,0,0,0,0,0,0,0,0
676378,50,-0.06,-0.01,-0.4,-0.4,1,0.2,0.2,0.15,60,0,1,0,0,0,0,0,0,0,0,0,0,1,0,1,0,0,1,0.0,0.0,0,0,0,0,0,0,0,0,0,0,0,0
676379,50,-0.06,-0.01,-0.4,-0.4,1,0.2,0.2,0.15,60,0,1,0,0,0,0,0,0,0,0,0,0,1,0,1,0,0,1,0.0,0.0,0,0,0,0,0,0,0,0,0,0,0,0
676380,50,-0.06,-0.01,-0.4,-0.4,1,0.2,0.2,0.15,60,0,1,0,0,0,0,0,0,0,0,0,0,1,0,1,0,0,1,0.0,0.0,0,0,0,0,0,0,0,0,0,0,0,0
676381,50,-0.06,-0.01,-0.4,-0.4,2,0.1,0.1,0.15,20,0,1,0,0,0,0,0,0,0,0,0,0,1,0,1,0,0,1,0.0,0.0,0,0,0,0,0,0,0,0,0,0,0,0
676382,50,-0.06,-0.01,-0.4,-0.4,2,0.1,0.1,0.15,20,0,1,0,0,0,0,0,0,0,0,0,0,1,0,1,0,0,1,0.0,0.0,0,0,0,0,0,0,0,0,0,0,0,0
676383,50,-0.06,-0.01,-0.4,-0.4,2,0.1,0.1,0.15,20,0,1,0,0,0,0,0,0,0,0,0,0,1,0,1,0,0,1,0.0,0.0,0,0,0,0,0,0,0,0,0,0,0,0
676384,50,-0.06,-0.01,-0.4,-0.4,2,0.1,0.1,0.15,30,0,1,0,0,0,0,0,0,0,0,0,0,1,0,1,0,0,1,0.0,0.0,0,0,0,0,0,0,0,0,0,0,0,0
676385,50,-0.06,-0.01,-0.4,-0.4,2,0.1,0.1,0.15,30,0,1,0,0,0,0,0,0,0,0,0,0,1,0,1,0,0,1,0.0,0.0,0,0,0,0,0,0,0,0,0,0,0,0
676386,50,-0.06,-0.01,-0.4,-0.4,2,0.1,0.1,0.15,30,0,1,0,0,0,0,0,0,0,0,0,0,1,0,1,0,0,1,0.0,0.0,0,0,0,0,0,0,0,0,0,0,0,0
676387,50,-0.06,-0.01,-0.4,-0.4,2,0.1,0.1,0.15,40,0,1,0,0,0,0,0,0,0,0,0,0,1,0,1,0,0,1,0.0,0.0,0,0,0,0,0,0,0,0,0,0,0,0
676388,50,-0.06,-0.01,-0.4,-0.4,2,0.1,0.1,0.15,40,0,1,0,0,0,0,0,0,0,0,0,0,1,0,1,0,0,1,0.0,0.0,0,0,0,0,0,0,0,0,0,0,0,0
676389,50,-0.06,-0.01,-0.4,-0.4,2,0.1,0.1,0.15,40,0,1,0,0,0,0,0,0,0,0,0,0,1,0,1,0,0,1,0.0,0.0,0,0,0,0,0,0,0,0,0,0,0,0
676390,50,-0.06,-0.01,-0.4,-0.4,2,0.1,0.1,0.15,50,0,1,0,0,0,0,0,0,0,0,0,0,1,0,1,0,0,1,0.0,0.0,0,0,0,0,0,0,0,0,0,0,0,0
676391,50,-0.06,-0.01,-0.4,-0.4,2,0.1,0.1,0.15,50,0,1,0,0,0,0,0,0,0,0,0,0,1,0,1,0,0,1,0.0,0.0,0,0,0,0,0,0,0,0,0,0,0,0
676392,50,-0.06,-0.01,-0.4,-0.4,2,0.1,0.1,0.15,50,0,1,0,0,0,0,0,0,0,0,0,0,1,0,1,0,0,1,0.0,0.0,0,0,0,0,0,0,0,0,0,0,0,0
676393,50,-0.06,-0.01,-0.4,-0.4,2,0.1,0.1,0.15,60,0,1,0,0,0,0,0,0,0,0,0,0,1,0,1,0,0,1,0.0,0.0,0,0,0,0,0,0,0,0,0,0,0,0
676394,50,-0.06,-0.01,-0.4,-0.4,2,0.1,0.1,0.15,60,0,1,0,0,0,0,0,0,0,0,0,0,1,0,1,0,0,1,0.0,0.0,0,0,0,0,0,0,0,0,0,0,0,0
676395,50,-0.06,-0.01,-0.4,-0.4,2,0.1,0.1,0.15,60,0,1,0,0,0,0,0,0,0,0,0,0,1,0,1,0,0,1,0.0,0.0,0,0,0,0,0,0,0,0,0,0,0,0
676396,50,-0.06,-0.01,-0.4,-0.4,2,0.1,0.2,0.15,20,0,1,0,0,0,0,0,0,0,0,0,0,1,0,1,0,0,1,0.0,0.0,0,0,0,0,0,0,0,0,0,0,0,0
676397,50,-0.06,-0.01,-0.4,-0.4,2,0.1,0.2,0.15,20,0,1,0,0,0,0,0,0,0,0,0,0,1,0,1,0,0,1,0.0,0.0,0,0,0,0,0,0,0,0,0,0,0,0
676398,50,-0.06,-0.01,-0.4,-0.4,2,0.1,0.2,0.15,20,0,1,0,0,0,0,0,0,0,0,0,0,1,0,1,0,0,1,0.0,0.0,0,0,0,0,0,0,0,0,0,0,0,0
676399,50,-0.06,-0.01,-0.4,-0.4,2,0.1,0.2,0.15,30,0,1,0,0,0,0,0,0,0,0,0,0,1,0,1,0,0,1,0.0,0.0,0,0,0,0,0,0,0,0,0,0,0,0
676400,50,-0.06,-0.01,-0.4,-0.4,2,0.1,0.2,0.15,30,0,1,0,0,0,0,0,0,0,0,0,0,1,0,1,0,0,1,0.0,0.0,0,0,0,0,0,0,0,0,0,0,0,0
676401,50,-0.06,-0.01,-0.4,-0.4,2,0.1,0.2,0.15,30,0,1,0,0,0,0,0,0,0,0,0,0,1,0,1,0,0,1,0.0,0.0,0,0,0,0,0,0,0,0,0,0,0,0
676402,50,-0.06,-0.01,-0.4,-0.4,2,0.1,0.2,0.15,40,0,1,0,0,0,0,0,0,0,0,0,0,1,0,1,0,0,1,0.0,0.0,0,0,0,0,0,0,0,0,0,0,0,0
676403,50,-0.06,-0.01,-0.4,-0.4,2,0.1,0.2,0.15,40,0,1,0,0,0,0,0,0,0,0,0,0,1,0,1,0,0,1,0.0,0.0,0,0,0,0,0,0,0,0,0,0,0,0
676404,50,-0.06,-0.01,-0.4,-0.4,2,0.1,0.2,0.15,40,0,1,0,0,0,0,0,0,0,0,0,0,1,0,1,0,0,1,0.0,0.0,0,0,0,0,0,0,0,0,0,0,0,0
676405,50,-0.06,-0.01,-0.4,-0.4,2,0.1,0.2,0.15,50,0,1,0,0,0,0,0,0,0,0,0,0,1,0,1,0,0,1,0.0,0.0,0,0,0,0,0,0,0,0,0,0,0,0
676406,50,-0.06,-0.01,-0.4,-0.4,2,0.1,0.2,0.15,50,0,1,0,0,0,0,0,0,0,0,0,0,1,0,1,0,0,1,0.0,0.0,0,0,0,0,0,0,0,0,0,0,0,0
676407,50,-0.06,-0.01,-0.4,-0.4,2,0.1,0.2,0.15,50,0,1,0,0,0,0,0,0,0,0,0,0,1,0,1,0,0,1,0.0,0.0,0,0,0,0,0,0,0,0,0,0,0,0
676408,50,-0.06,-0.01,-0.4,-0.4,2,0.1,0.2,0.15,60,0,1,0,0,0,0,0,0,0,0,0,0,1,0,1,0,0,1,0.0,0.0,0,0,0,0,0,0,0,0,0,0,0,0
676409,50,-0.06,-0.01,-0.4,-0.4,2,0.1,0.2,0.15,60,0,1,0,0,0,0,0,0,0,0,0,0,1,0,1,0,0,1,0.0,0.0,0,0,0,0,0,0,0,0,0,0,0,0
676410,50,-0.06,-0.01,-0.4,-0.4,2,0.1,0.2,0.15,60,0,1,0,0,0,0,0,0,0,0,0,0,1,0,1,0,0,1,0.0,0.0,0,0,0,0,0,0,0,0,0,0,0,0
676411,50,-0.06,-0.01,-0.4,-0.4,2,0.2,0.1,0.15,20,0,1,0,0,0,0,0,0,0,0,0,0,1,0,1,0,0,1,0.0,0.0,0,0,0,0,0,0,0,0,0,0,0,0
676412,50,-0.06,-0.01,-0.4,-0.4,2,0.2,0.1,0.15,20,0,1,0,0,0,0,0,0,0,0,0,0,1,0,1,0,0,1,0.0,0.0,0,0,0,0,0,0,0,0,0,0,0,0
676413,50,-0.06,-0.01,-0.4,-0.4,2,0.2,0.1,0.15,20,0,1,0,0,0,0,0,0,0,0,0,0,1,0,1,0,0,1,0.0,0.0,0,0,0,0,0,0,0,0,0,0,0,0
676414,50,-0.06,-0.01,-0.4,-0.4,2,0.2,0.1,0.15,30,0,1,0,0,0,0,0,0,0,0,0,0,1,0,1,0,0,1,0.0,0.0,0,0,0,0,0,0,0,0,0,0,0,0
676415,50,-0.06,-0.01,-0.4,-0.4,2,0.2,0.1,0.15,30,0,1,0,0,0,0,0,0,0,0,0,0,1,0,1,0,0,1,0.0,0.0,0,0,0,0,0,0,0,0,0,0,0,0
676416,50,-0.06,-0.01,-0.4,-0.4,2,0.2,0.1,0.15,30,0,1,0,0,0,0,0,0,0,0,0,0,1,0,1,0,0,1,0.0,0.0,0,0,0,0,0,0,0,0,0,0,0,0
676417,50,-0.06,-0.01,-0.4,-0.4,2,0.2,0.1,0.15,40,0,1,0,0,0,0,0,0,0,0,0,0,1,0,1,0,0,1,0.0,0.0,0,0,0,0,0,0,0,0,0,0,0,0
676418,50,-0.06,-0.01,-0.4,-0.4,2,0.2,0.1,0.15,40,0,1,0,0,0,0,0,0,0,0,0,0,1,0,1,0,0,1,0.0,0.0,0,0,0,0,0,0,0,0,0,0,0,0
676419,50,-0.06,-0.01,-0.4,-0.4,2,0.2,0.1,0.15,40,0,1,0,0,0,0,0,0,0,0,0,0,1,0,1,0,0,1,0.0,0.0,0,0,0,0,0,0,0,0,0,0,0,0
676420,50,-0.06,-0.01,-0.4,-0.4,2,0.2,0.1,0.15,50,0,1,0,0,0,0,0,0,0,0,0,0,1,0,1,0,0,1,0.0,0.0,0,0,0,0,0,0,0,0,0,0,0,0
676421,50,-0.06,-0.01,-0.4,-0.4,2,0.2,0.1,0.15,50,0,1,0,0,0,0,0,0,0,0,0,0,1,0,1,0,0,1,0.0,0.0,0,0,0,0,0,0,0,0,0,0,0,0
676422,50,-0.06,-0.01,-0.4,-0.4,2,0.2,0.1,0.15,50,0,1,0,0,0,0,0,0,0,0,0,0,1,0,1,0,0,1,0.0,0.0,0,0,0,0,0,0,0,0,0,0,0,0
676423,50,-0.06,-0.01,-0.4,-0.4,2,0.2,0.1,0.15,60,0,1,0,0,0,0,0,0,0,0,0,0,1,0,1,0,0,1,0.0,0.0,0,0,0,0,0,0,0,0,0,0,0,0
676424,50,-0.06,-0.01,-0.4,-0.4,2,0.2,0.1,0.15,60,0,1,0,0,0,0,0,0,0,0,0,0,1,0,1,0,0,1,0.0,0.0,0,0,0,0,0,0,0,0,0,0,0,0
676425,50,-0.06,-0.01,-0.4,-0.4,2,0.2,0.1,0.15,60,0,1,0,0,0,0,0,0,0,0,0,0,1,0,1,0,0,1,0.0,0.0,0,0,0,0,0,0,0,0,0,0,0,0
676426,50,-0.06,-0.01,-0.4,-0.4,2,0.2,0.2,0.15,20,0,1,0,0,0,0,0,0,0,0,0,0,1,0,1,0,0,1,0.0,0.0,0,0,0,0,0,0,0,0,0,0,0,0
676427,50,-0.06,-0.01,-0.4,-0.4,2,0.2,0.2,0.15,20,0,1,0,0,0,0,0,0,0,0,0,0,1,0,1,0,0,1,0.0,0.0,0,0,0,0,0,0,0,0,0,0,0,0
676428,50,-0.06,-0.01,-0.4,-0.4,2,0.2,0.2,0.15,20,0,1,0,0,0,0,0,0,0,0,0,0,1,0,1,0,0,1,0.0,0.0,0,0,0,0,0,0,0,0,0,0,0,0
676429,50,-0.06,-0.01,-0.4,-0.4,2,0.2,0.2,0.15,30,0,1,0,0,0,0,0,0,0,0,0,0,1,0,1,0,0,1,0.0,0.0,0,0,0,0,0,0,0,0,0,0,0,0
676430,50,-0.06,-0.01,-0.4,-0.4,2,0.2,0.2,0.15,30,0,1,0,0,0,0,0,0,0,0,0,0,1,0,1,0,0,1,0.0,0.0,0,0,0,0,0,0,0,0,0,0,0,0
676431,50,-0.06,-0.01,-0.4,-0.4,2,0.2,0.2,0.15,30,0,1,0,0,0,0,0,0,0,0,0,0,1,0,1,0,0,1,0.0,0.0,0,0,0,0,0,0,0,0,0,0,0,0
676432,50,-0.06,-0.01,-0.4,-0.4,2,0.2,0.2,0.15,40,0,1,0,0,0,0,0,0,0,0,0,0,1,0,1,0,0,1,0.0,0.0,0,0,0,0,0,0,0,0,0,0,0,0
676433,50,-0.06,-0.01,-0.4,-0.4,2,0.2,0.2,0.15,40,0,1,0,0,0,0,0,0,0,0,0,0,1,0,1,0,0,1,0.0,0.0,0,0,0,0,0,0,0,0,0,0,0,0
676434,50,-0.06,-0.01,-0.4,-0.4,2,0.2,0.2,0.15,40,0,1,0,0,0,0,0,0,0,0,0,0,1,0,1,0,0,1,0.0,0.0,0,0,0,0,0,0,0,0,0,0,0,0
676435,50,-0.06,-0.01,-0.4,-0.4,2,0.2,0.2,0.15,50,0,1,0,0,0,0,0,0,0,0,0,0,1,0,1,0,0,1,0.0,0.0,0,0,0,0,0,0,0,0,0,0,0,0
676436,50,-0.06,-0.01,-0.4,-0.4,2,0.2,0.2,0.15,50,0,1,0,0,0,0,0,0,0,0,0,0,1,0,1,0,0,1,0.0,0.0,0,0,0,0,0,0,0,0,0,0,0,0
676437,50,-0.06,-0.01,-0.4,-0.4,2,0.2,0.2,0.15,50,0,1,0,0,0,0,0,0,0,0,0,0,1,0,1,0,0,1,0.0,0.0,0,0,0,0,0,0,0,0,0,0,0,0
676438,50,-0.06,-0.01,-0.4,-0.4,2,0.2,0.2,0.15,60,0,1,0,0,0,0,0,0,0,0,0,0,1,0,1,0,0,1,0.0,0.0,0,0,0,0,0,0,0,0,0,0,0,0
676439,50,-0.06,-0.01,-0.4,-0.4,2,0.2,0.2,0.15,60,0,1,0,0,0,0,0,0,0,0,0,0,1,0,1,0,0,1,0.0,0.0,0,0,0,0,0,0,0,0,0,0,0,0
676440,50,-0.06,-0.01,-0.4,-0.4,2,0.2,0.2,0.15,60,0,1,0,0,0,0,0,0,0,0,0,0,1,0,1,0,0,1,0.0,0.0,0,0,0,0,0,0,0,0,0,0,0,0
676441,50,-0.06,-0.01,-0.4,-0.35,1,0.1,0.1,0.15,20,61.41,1023,984,7,977,468,125,252,0,132,0,0,39,8,1031,600,377,1031,185927.27,1907.37,199,165,131,482,0,0,0,0,468,125,384,0
676442,50,-0.06,-0.01,-0.4,-0.35,1,0.1,0.1,0.15,20,56.35,1023,984,8,976,0,131,295,0,550,0,0,39,8,1031,550,426,1031,231229.88,2398.35,18,44,28,886,0,0,0,0,0,131,845,0
676443,50,-0.06,-0.01,-0.4,-0.35,1,0.1,0.1,0.15,20,63.86,1020,981,7,974,477,0,352,0,145,0,0,39,11,1031,622,352,1031,247517.44,2535.0,181,123,106,564,0,0,0,0,477,0,497,0
676444,50,-0.06,-0.01,-0.4,-0.35,1,0.1,0.1,0.15,30,61.07,1023,984,8,976,531,182,198,0,65,0,0,39,8,1031,596,380,1031,144610.84,1493.38,199,165,131,98,59,324,0,0,531,182,263,0
676445,50,-0.06,-0.01,-0.4,-0.35,1,0.1,0.1,0.15,30,48.61,1023,984,11,973,0,194,306,0,473,0,0,39,8,1031,473,500,1031,79878.55,851.1,18,44,28,41,23,819,0,0,0,194,779,0
676446,50,-0.06,-0.01,-0.4,-0.35,1,0.1,0.1,0.15,30,65.67,1020,981,8,973,558,0,334,0,81,0,0,39,11,1031,639,334,1031,239037.34,2454.91,181,123,106,67,53,443,0,0,558,0,415,0
676447,50,-0.06,-0.01,-0.4,-0.35,1,0.1,0.1,0.15,40,59.94,1023,984,8,976,552,259,106,26,16,17,0,39,8,1031,585,391,1031,83373.63,864.88,199,165,131,98,59,61,53,210,552,259,122,43
676448,50,-0.06,-0.01,-0.4,-0.35,1,0.1,0.1,0.15,40,43.06,1023,984,11,973,0,297,218,39,184,235,0,39,8,1031,419,554,1031,-59402.65,-645.04,18,44,28,41,23,40,57,722,0,297,402,274
676449,50,-0.06,-0.01,-0.4,-0.35,1,0.1,0.1,0.15,40,64.95,1020,981,8,973,586,0,288,53,19,27,0,39,11,1031,632,341,1031,175814.47,1801.96,181,123,106,67,53,28,16,399,586,0,307,80
676450,50,-0.06,-0.01,-0.4,-0.35,1,0.1,0.1,0.15,50,59.73,1023,984,8,976,552,270,0,123,0,31,0,39,8,1031,583,393,1031,72584.58,753.38,199,165,131,98,59,61,53,210,552,270,0,154
676451,50,-0.06,-0.01,-0.4,-0.35,1,0.1,0.1,0.15,50,41.62,1023,984,11,973,0,326,0,242,0,405,0,39,8,1031,405,568,1031,-100081.56,-1073.05,18,44,28,41,23,40,57,722,0,326,0,647
676452,50,-0.06,-0.01,-0.4,-0.35,1,0.1,0.1,0.15,50,64.95,1020,981,8,973,586,0,0,341,0,46,0,39,11,1031,632,341,1031,143967.34,1476.27,181,123,106,67,53,28,16,399,586,0,0,387
676453,50,-0.06,-0.01,-0.4,-0.35,1,0.1,0.1,0.15,60,59.73,1023,984,8,976,552,270,0,123,0,31,0,39,8,1031,583,393,1031,72584.58,753.38,199,165,131,98,59,61,53,210,552,270,0,154
676454,50,-0.06,-0.01,-0.4,-0.35,1,0.1,0.1,0.15,60,41.62,1023,984,11,973,0,326,0,242,0,405,0,39,8,1031,405,568,1031,-100081.56,-1073.05,18,44,28,41,23,40,57,722,0,326,0,647
676455,50,-0.06,-0.01,-0.4,-0.35,1,0.1,0.1,0.15,60,64.95,1020,981,8,973,586,0,0,341,0,46,0,39,11,1031,632,341,1031,143967.34,1476.27,181,123,106,67,53,28,16,399,586,0,0,387
676456,50,-0.06,-0.01,-0.4,-0.35,1,0.1,0.2,0.15,20,56.6,1023,984,7,977,163,130,294,0,390,0,0,39,8,1031,553,424,1031,242492.95,2494.11,36,90,90,761,0,0,0,0,163,130,684,0
676457,50,-0.06,-0.01,-0.4,-0.35,1,0.1,0.2,0.15,20,56.35,1023,984,8,976,0,131,295,0,550,0,0,39,8,1031,550,426,1031,231229.88,2398.35,18,44,28,886,0,0,0,0,0,131,845,0
676458,50,-0.06,-0.01,-0.4,-0.35,1,0.1,0.2,0.15,20,58.83,1020,981,7,974,165,0,401,0,408,0,0,39,11,1031,573,401,1031,303460.65,3114.72,18,46,62,848,0,0,0,0,165,0,809,0
676459,50,-0.06,-0.01,-0.4,-0.35,1,0.1,0.2,0.15,30,49.95,1023,984,9,975,233,193,295,0,254,0,0,39,8,1031,487,488,1031,147549.0,1519.66,36,90,90,77,64,618,0,0,233,193,549,0
676460,50,-0.06,-0.01,-0.4,-0.35,1,0.1,0.2,0.15,30,48.61,1023,984,11,973,0,194,306,0,473,0,0,39,8,1031,473,500,1031,79878.55,851.1,18,44,28,41,23,819,0,0,0,194,779,0
676461,50,-0.06,-0.01,-0.4,-0.35,1,0.1,0.2,0.15,30,54.42,1020,981,9,972,243,0,443,0,286,0,0,39,11,1031,529,443,1031,251161.31,2573.34,18,46,62,39,44,763,0,0,243,0,729,0
676462,50,-0.06,-0.01,-0.4,-0.35,1,0.1,0.2,0.15,40,45.95,1023,984,9,975,260,291,198,38,93,95,0,39,8,1031,448,527,1031,46688.17,491.21,36,90,90,77,64,69,69,480,260,291,291,133
676463,50,-0.06,-0.01,-0.4,-0.35,1,0.1,0.2,0.15,40,43.06,1023,984,11,973,0,297,218,39,184,235,0,39,8,1031,419,554,1031,-59402.65,-645.04,18,44,28,41,23,40,57,722,0,297,402,274
676464,50,-0.06,-0.01,-0.4,-0.35,1,0.1,0.2,0.15,40,50.41,1020,981,9,972,277,0,412,70,96,117,0,39,11,1031,490,482,1031,143171.73,1467.31,18,46,62,39,44,34,25,704,277,0,508,187
676465,50,-0.06,-0.01,-0.4,-0.35,1,0.1,0.2,0.15,50,45.44,1023,984,9,975,265,317,0,215,0,178,0,39,8,1031,443,532,1031,25109.12,268.91,36,90,90,77,64,69,69,480,265,317,0,393
676466,50,-0.06,-0.01,-0.4,-0.35,1,0.1,0.2,0.15,50,41.62,1023,984,11,973,0,326,0,242,0,405,0,39,8,1031,405,568,1031,-100081.56,-1073.05,18,44,28,41,23,40,57,722,0,326,0,647
676467,50,-0.06,-0.01,-0.4,-0.35,1,0.1,0.2,0.15,50,50.1,1020,981,9,972,282,0,0,485,0,205,0,39,11,1031,487,485,1031,90468.93,929.04,18,46,62,39,44,34,25,704,282,0,0,690
676468,50,-0.06,-0.01,-0.4,-0.35,1,0.1,0.2,0.15,60,45.44,1023,984,9,975,265,317,0,215,0,178,0,39,8,1031,443,532,1031,25109.12,268.91,36,90,90,77,64,69,69,480,265,317,0,393
676469,50,-0.06,-0.01,-0.4,-0.35,1,0.1,0.2,0.15,60,41.62,1023,984,11,973,0,326,0,242,0,405,0,39,8,1031,405,568,1031,-100081.56,-1073.05,18,44,28,41,23,40,57,722,0,326,0,647
676470,50,-0.06,-0.01,-0.4,-0.35,1,0.1,0.2,0.15,60,50.1,1020,981,9,972,282,0,0,485,0,205,0,39,11,1031,487,485,1031,90468.93,929.04,18,46,62,39,44,34,25,704,282,0,0,690
676471,50,-0.06,-0.01,-0.4,-0.35,1,0.2,0.1,0.15,20,61.41,1023,984,7,977,468,125,252,0,132,0,0,39,8,1031,600,377,1031,185927.27,1907.37,199,165,131,482,0,0,0,0,468,125,384,0
676472,50,-0.06,-0.01,-0.4,-0.35,1,0.2,0.1,0.15,20,56.35,1023,984,8,976,0,131,295,0,550,0,0,39,8,1031,550,426,1031,231229.88,2398.35,18,44,28,886,0,0,0,0,0,131,845,0
676473,50,-0.06,-0.01,-0.4,-0.35,1,0.2,0.1,0.15,20,63.86,1020,981,7,974,477,0,352,0,145,0,0,39,11,1031,622,352,1031,247517.44,2535.0,181,123,106,564,0,0,0,0,477,0,497,0
676474,50,-0.06,-0.01,-0.4,-0.35,1,0.2,0.1,0.15,30,61.07,1023,984,8,976,531,182,198,0,65,0,0,39,8,1031,596,380,1031,144610.84,1493.38,199,165,131,98,59,324,0,0,531,182,263,0
676475,50,-0.06,-0.01,-0.4,-0.35,1,0.2,0.1,0.15,30,48.61,1023,984,11,973,0,194,306,0,473,0,0,39,8,1031,473,500,1031,79878.55,851.1,18,44,28,41,23,819,0,0,0,194,779,0
676476,50,-0.06,-0.01,-0.4,-0.35,1,0.2,0.1,0.15,30,65.67,1020,981,8,973,558,0,334,0,81,0,0,39,11,1031,639,334,1031,239037.34,2454.91,181,123,106,67,53,443,0,0,558,0,415,0
676477,50,-0.06,-0.01,-0.4,-0.35,1,0.2,0.1,0.15,40,59.94,1023,984,8,976,552,259,106,26,16,17,0,39,8,1031,585,391,1031,83373.63,864.88,199,165,131,98,59,61,53,210,552,259,122,43
676478,50,-0.06,-0.01,-0.4,-0.35,1,0.2,0.1,0.15,40,43.06,1023,984,11,973,0,297,218,39,184,235,0,39,8,1031,419,554,1031,-59402.65,-645.04,18,44,28,41,23,40,57,722,0,297,402,274
676479,50,-0.06,-0.01,-0.4,-0.35,1,0.2,0.1,0.15,40,64.95,1020,981,8,973,586,0,288,53,19,27,0,39,11,1031,632,341,1031,175814.47,1801.96,181,123,106,67,53,28,16,399,586,0,307,80
676480,50,-0.06,-0.01,-0.4,-0.35,1,0.2,0.1,0.15,50,59.73,1023,984,8,976,552,270,0,123,0,31,0,39,8,1031,583,393,1031,72584.58,753.38,199,165,131,98,59,61,53,210,552,270,0,154
676481,50,-0.06,-0.01,-0.4,-0.35,1,0.2,0.1,0.15,50,41.62,1023,984,11,973,0,326,0,242,0,405,0,39,8,1031,405,568,1031,-100081.56,-1073.05,18,44,28,41,23,40,57,722,0,326,0,647
676482,50,-0.06,-0.01,-0.4,-0.35,1,0.2,0.1,0.15,50,64.95,1020,981,8,973,586,0,0,341,0,46,0,39,11,1031,632,341,1031,143967.34,1476.27,181,123,106,67,53,28,16,399,586,0,0,387
676483,50,-0.06,-0.01,-0.4,-0.35,1,0.2,0.1,0.15,60,59.73,1023,984,8,976,552,270,0,123,0,31,0,39,8,1031,583,393,1031,72584.58,753.38,199,165,131,98,59,61,53,210,552,270,0,154
676484,50,-0.06,-0.01,-0.4,-0.35,1,0.2,0.1,0.15,60,41.62,1023,984,11,973,0,326,0,242,0,405,0,39,8,1031,405,568,1031,-100081.56,-1073.05,18,44,28,41,23,40,57,722,0,326,0,647
676485,50,-0.06,-0.01,-0.4,-0.35,1,0.2,0.1,0.15,60,64.95,1020,981,8,973,586,0,0,341,0,46,0,39,11,1031,632,341,1031,143967.34,1476.27,181,123,106,67,53,28,16,399,586,0,0,387
676486,50,-0.06,-0.01,-0.4,-0.35,1,0.2,0.2,0.15,20,56.6,1023,984,7,977,163,130,294,0,390,0,0,39,8,1031,553,424,1031,242492.95,2494.11,36,90,90,761,0,0,0,0,163,130,684,0
676487,50,-0.06,-0.01,-0.4,-0.35,1,0.2,0.2,0.15,20,56.35,1023,984,8,976,0,131,295,0,550,0,0,39,8,1031,550,426,1031,231229.88,2398.35,18,44,28,886,0,0,0,0,0,131,845,0
676488,50,-0.06,-0.01,-0.4,-0.35,1,0.2,0.2,0.15,20,58.83,1020,981,7,974,165,0,401,0,408,0,0,39,11,1031,573,401,1031,303460.65,3114.72,18,46,62,848,0,0,0,0,165,0,809,0
676489,50,-0.06,-0.01,-0.4,-0.35,1,0.2,0.2,0.15,30,49.95,1023,984,9,975,233,193,295,0,254,0,0,39,8,1031,487,488,1031,147549.0,1519.66,36,90,90,77,64,618,0,0,233,193,549,0
676490,50,-0.06,-0.01,-0.4,-0.35,1,0.2,0.2,0.15,30,48.61,1023,984,11,973,0,194,306,0,473,0,0,39,8,1031,473,500,1031,79878.55,851.1,18,44,28,41,23,819,0,0,0,194,779,0
676491,50,-0.06,-0.01,-0.4,-0.35,1,0.2,0.2,0.15,30,54.42,1020,981,9,972,243,0,443,0,286,0,0,39,11,1031,529,443,1031,251161.31,2573.34,18,46,62,39,44,763,0,0,243,0,729,0
676492,50,-0.06,-0.01,-0.4,-0.35,1,0.2,0.2,0.15,40,45.95,1023,984,9,975,260,291,198,38,93,95,0,39,8,1031,448,527,1031,46688.17,491.21,36,90,90,77,64,69,69,480,260,291,291,133
676493,50,-0.06,-0.01,-0.4,-0.35,1,0.2,0.2,0.15,40,43.06,1023,984,11,973,0,297,218,39,184,235,0,39,8,1031,419,554,1031,-59402.65,-645.04,18,44,28,41,23,40,57,722,0,297,402,274
676494,50,-0.06,-0.01,-0.4,-0.35,1,0.2,0.2,0.15,40,50.41,1020,981,9,972,277,0,412,70,96,117,0,39,11,1031,490,482,1031,143171.73,1467.31,18,46,62,39,44,34,25,704,277,0,508,187
676495,50,-0.06,-0.01,-0.4,-0.35,1,0.2,0.2,0.15,50,45.44,1023,984,9,975,265,317,0,215,0,178,0,39,8,1031,443,532,1031,25109.12,268.91,36,90,90,77,64,69,69,480,265,317,0,393
676496,50,-0.06,-0.01,-0.4,-0.35,1,0.2,0.2,0.15,50,41.62,1023,984,11,973,0,326,0,242,0,405,0,39,8,1031,405,568,1031,-100081.56,-1073.05,18,44,28,41,23,40,57,722,0,326,0,647
676497,50,-0.06,-0.01,-0.4,-0.35,1,0.2,0.2,0.15,50,50.1,1020,981,9,972,282,0,0,485,0,205,0,39,11,1031,487,485,1031,90468.93,929.04,18,46,62,39,44,34,25,704,282,0,0,690
676498,50,-0.06,-0.01,-0.4,-0.35,1,0.2,0.2,0.15,60,45.44,1023,984,9,975,265,317,0,215,0,178,0,39,8,1031,443,532,1031,25109.12,268.91,36,90,90,77,64,69,69,480,265,317,0,393
676499,50,-0.06,-0.01,-0.4,-0.35,1,0.2,0.2,0.15,60,41.62,1023,984,11,973,0,326,0,242,0,405,0,39,8,1031,405,568,1031,-100081.56,-1073.05,18,44,28,41,23,40,57,722,0,326,0,647
676500,50,-0.06,-0.01,-0.4,-0.35,1,0.2,0.2,0.15,60,50.1,1020,981,9,972,282,0,0,485,0,205,0,39,11,1031,487,485,1031,90468.93,929.04,18,46,62,39,44,34,25,704,282,0,0,690
676501,50,-0.06,-0.01,-0.4,-0.35,2,0.1,0.1,0.15,20,65.2,1023,984,7,977,500,124,216,0,137,0,0,39,8,1031,637,340,1031,259117.89,3193.79,203,179,132,463,0,0,0,0,500,124,353,0
676502,50,-0.06,-0.01,-0.4,-0.35,2,0.1,0.1,0.15,20,60.35,1023,984,8,976,0,131,256,0,589,0,0,39,8,1031,589,387,1031,329959.78,3871.37,18,44,28,886,0,0,0,0,0,131,845,0
676503,50,-0.06,-0.01,-0.4,-0.35,2,0.1,0.1,0.15,20,69.2,1020,981,7,974,523,0,300,0,151,0,0,39,11,1031,674,300,1031,365823.24,3920.43,185,137,115,537,0,0,0,0,523,0,451,0
676504,50,-0.06,-0.01,-0.4,-0.35,2,0.1,0.1,0.15,30,64.96,1023,984,8,976,571,177,165,0,63,0,0,39,8,1031,634,342,1031,232370.83,3219.23,203,179,132,110,67,285,0,0,571,177,228,0
676505,50,-0.06,-0.01,-0.4,-0.35,2,0.1,0.1,0.15,30,51.18,1023,984,11,973,0,194,281,0,498,0,0,39,8,1031,498,475,1031,171033.25,2809.55,18,44,28,41,23,819,0,0,0,194,779,0
676506,50,-0.06,-0.01,-0.4,-0.35,2,0.1,0.1,0.15,30,71.63,1020,981,8,973,620,0,276,0,77,0,0,39,11,1031,697,276,1031,405751.45,4292.22,185,137,115,86,60,390,0,0,620,0,353,0
676507,50,-0.06,-0.01,-0.4,-0.35,2,0.1,0.1,0.15,40,64.65,1023,984,8,976,604,250,80,15,16,11,0,39,8,1031,631,345,1031,168296.19,2987.93,203,179,132,110,67,57,59,169,604,250,96,26
676508,50,-0.06,-0.01,-0.4,-0.35,2,0.1,0.1,0.15,40,46.35,1023,984,11,973,0,297,197,28,205,246,0,39,8,1031,451,522,1031,-23280.01,1757.29,18,44,28,41,23,40,57,722,0,297,402,274
676509,50,-0.06,-0.01,-0.4,-0.35,2,0.1,0.1,0.15,40,72.46,1020,981,8,973,666,0,234,34,23,16,0,39,11,1031,705,268,1031,349819.84,4114.0,185,137,115,86,60,37,24,329,666,0,257,50
676510,50,-0.06,-0.01,-0.4,-0.35,2,0.1,0.1,0.15,50,64.04,1023,984,8,976,604,258,0,93,0,21,0,39,8,1031,625,351,1031,151726.04,2888.88,203,179,132,110,67,57,59,169,604,258,0,114
676511,50,-0.06,-0.01,-0.4,-0.35,2,0.1,0.1,0.15,50,45.02,1023,984,11,973,0,326,0,209,0,438,0,39,8,1031,438,535,1031,-86577.94,1362.36,18,44,28,41,23,40,57,722,0,326,0,647
676512,50,-0.06,-0.01,-0.4,-0.35,2,0.1,0.1,0.15,50,72.15,1020,981,8,973,667,0,0,271,0,35,0,39,11,1031,702,271,1031,295784.79,3823.61,185,137,115,86,60,37,24,329,667,0,0,306
676513,50,-0.06,-0.01,-0.4,-0.35,2,0.1,0.1,0.15,60,64.04,1023,984,8,976,604,258,0,93,0,21,0,39,8,1031,625,351,1031,151726.04,2888.88,203,179,132,110,67,57,59,169,604,258,0,114
676514,50,-0.06,-0.01,-0.4,-0.35,2,0.1,0.1,0.15,60,45.02,1023,984,11,973,0,326,0,209,0,438,0,39,8,1031,438,535,1031,-86577.94,1362.36,18,44,28,41,23,40,57,722,0,326,0,647
676515,50,-0.06,-0.01,-0.4,-0.35,2,0.1,0.1,0.15,60,72.15,1020,981,8,973,667,0,0,271,0,35,0,39,11,1031,702,271,1031,295784.79,3823.61,185,137,115,86,60,37,24,329,667,0,0,306
676516,50,-0.06,-0.01,-0.4,-0.35,2,0.1,0.2,0.15,20,60.49,1023,984,7,977,174,130,256,0,417,0,0,39,8,1031,591,386,1031,346093.12,3972.3,36,91,97,753,0,0,0,0,174,130,673,0
676517,50,-0.06,-0.01,-0.4,-0.35,2,0.1,0.2,0.15,20,60.35,1023,984,8,976,0,131,256,0,589,0,0,39,8,1031,589,387,1031,329959.78,3871.37,18,44,28,886,0,0,0,0,0,131,845,0
676518,50,-0.06,-0.01,-0.4,-0.35,2,0.1,0.2,0.15,20,64.37,1020,981,7,974,179,0,347,0,448,0,0,39,11,1031,627,347,1031,460244.68,4751.79,18,47,71,838,0,0,0,0,179,0,795,0
676519,50,-0.06,-0.01,-0.4,-0.35,2,0.1,0.2,0.15,30,52.72,1023,984,9,975,252,193,268,0,262,0,0,39,8,1031,514,461,1031,256351.35,3508.27,36,91,97,80,70,601,0,0,252,193,530,0
676520,50,-0.06,-0.01,-0.4,-0.35,2,0.1,0.2,0.15,30,51.18,1023,984,11,973,0,194,281,0,498,0,0,39,8,1031,498,475,1031,171033.25,2809.55,18,44,28,41,23,819,0,0,0,194,779,0
676521,50,-0.06,-0.01,-0.4,-0.35,2,0.1,0.2,0.15,30,59.05,1020,981,9,972,276,0,398,0,298,0,0,39,11,1031,574,398,1031,457441.06,4751.13,18,47,71,43,59,734,0,0,276,0,696,0
676522,50,-0.06,-0.01,-0.4,-0.35,2,0.1,0.2,0.15,40,49.64,1023,984,9,975,279,289,175,27,107,98,0,39,8,1031,484,491,1031,108860.15,2903.35,36,91,97,80,70,71,67,463,279,289,282,125
676523,50,-0.06,-0.01,-0.4,-0.35,2,0.1,0.2,0.15,40,46.35,1023,984,11,973,0,297,197,28,205,246,0,39,8,1031,451,522,1031,-23280.01,1757.29,18,44,28,41,23,40,57,722,0,297,402,274
676524,50,-0.06,-0.01,-0.4,-0.35,2,0.1,0.2,0.15,40,56.38,1020,981,9,972,309,0,372,52,121,118,0,39,11,1031,548,424,1031,301280.53,4113.86,18,47,71,43,59,38,21,675,309,0,493,170
676525,50,-0.06,-0.01,-0.4,-0.35,2,0.1,0.2,0.15,50,49.23,1023,984,9,975,283,315,0,180,0,197,0,39,8,1031,480,495,1031,68878.22,2694.11,36,91,97,80,70,71,67,463,283,315,0,377
676526,50,-0.06,-0.01,-0.4,-0.35,2,0.1,0.2,0.15,50,45.02,1023,984,11,973,0,326,0,209,0,438,0,39,8,1031,438,535,1031,-86577.94,1362.36,18,44,28,41,23,40,57,722,0,326,0,647
676527,50,-0.06,-0.01,-0.4,-0.35,2,0.1,0.2,0.15,50,56.28,1020,981,9,972,313,0,0,425,0,234,0,39,11,1031,547,425,1031,198162.13,3584.19,18,47,71,43,59,38,21,675,313,0,0,659
676528,50,-0.06,-0.01,-0.4,-0.35,2,0.1,0.2,0.15,60,49.23,1023,984,9,975,283,315,0,180,0,197,0,39,8,1031,480,495,1031,68878.22,2694.11,36,91,97,80,70,71,67,463,283,315,0,377
676529,50,-0.06,-0.01,-0.4,-0.35,2,0.1,0.2,0.15,60,45.02,1023,984,11,973,0,326,0,209,0,438,0,39,8,1031,438,535,1031,-86577.94,1362.36,18,44,28,41,23,40,57,722,0,326,0,647
676530,50,-0.06,-0.01,-0.4,-0.35,2,0.1,0.2,0.15,60,56.28,1020,981,9,972,313,0,0,425,0,234,0,39,11,1031,547,425,1031,198162.13,3584.19,18,47,71,43,59,38,21,675,313,0,0,659
676531,50,-0.06,-0.01,-0.4,-0.35,2,0.2,0.1,0.15,20,61.41,1023,984,7,977,468,125,252,0,132,0,0,39,8,1031,600,377,1031,185927.27,1907.37,199,165,131,482,0,0,0,0,468,125,384,0
676532,50,-0.06,-0.01,-0.4,-0.35,2,0.2,0.1,0.15,20,56.35,1023,984,8,976,0,131,295,0,550,0,0,39,8,1031,550,426,1031,231229.88,2398.35,18,44,28,886,0,0,0,0,0,131,845,0
676533,50,-0.06,-0.01,-0.4,-0.35,2,0.2,0.1,0.15,20,63.86,1020,981,7,974,477,0,352,0,145,0,0,39,11,1031,622,352,1031,247517.44,2535.0,181,123,106,564,0,0,0,0,477,0,497,0
676534,50,-0.06,-0.01,-0.4,-0.35,2,0.2,0.1,0.15,30,61.07,1023,984,8,976,531,182,198,0,65,0,0,39,8,1031,596,380,1031,144610.84,1493.38,199,165,131,98,59,324,0,0,531,182,263,0
676535,50,-0.06,-0.01,-0.4,-0.35,2,0.2,0.1,0.15,30,48.61,1023,984,11,973,0,194,306,0,473,0,0,39,8,1031,473,500,1031,79878.55,851.1,18,44,28,41,23,819,0,0,0,194,779,0
676536,50,-0.06,-0.01,-0.4,-0.35,2,0.2,0.1,0.15,30,65.67,1020,981,8,973,558,0,334,0,81,0,0,39,11,1031,639,334,1031,239037.34,2454.91,181,123,106,67,53,443,0,0,558,0,415,0
676537,50,-0.06,-0.01,-0.4,-0.35,2,0.2,0.1,0.15,40,59.94,1023,984,8,976,552,259,106,26,16,17,0,39,8,1031,585,391,1031,83373.63,864.88,199,165,131,98,59,61,53,210,552,259,122,43
676538,50,-0.06,-0.01,-0.4,-0.35,2,0.2,0.1,0.15,40,43.06,1023,984,11,973,0,297,218,39,184,235,0,39,8,1031,419,554,1031,-59402.65,-645.04,18,44,28,41,23,40,57,722,0,297,402,274
676539,50,-0.06,-0.01,-0.4,-0.35,2,0.2,0.1,0.15,40,64.95,1020,981,8,973,586,0,288,53,19,27,0,39,11,1031,632,341,1031,175814.47,1801.96,181,123,106,67,53,28,16,399,586,0,307,80
676540,50,-0.06,-0.01,-0.4,-0.35,2,0.2,0.1,0.15,50,59.73,1023,984,8,976,552,270,0,123,0,31,0,39,8,1031,583,393,1031,72584.58,753.38,199,165,131,98,59,61,53,210,552,270,0,154
676541,50,-0.06,-0.01,-0.4,-0.35,2,0.2,0.1,0.15,50,41.62,1023,984,11,973,0,326,0,242,0,405,0,39,8,1031,405,568,1031,-100081.56,-1073.05,18,44,28,41,23,40,57,722,0,326,0,647
676542,50,-0.06,-0.01,-0.4,-0.35,2,0.2,0.1,0.15,50,64.95,1020,981,8,973,586,0,0,341,0,46,0,39,11,1031,632,341,1031,143967.34,1476.27,181,123,106,67,53,28,16,399,586,0,0,387
676543,50,-0.06,-0.01,-0.4,-0.35,2,0.2,0.1,0.15,60,59.73,1023,984,8,976,552,270,0,123,0,31,0,39,8,1031,583,393,1031,72584.58,753.38,199,165,131,98,59,61,53,210,552,270,0,154
676544,50,-0.06,-0.01,-0.4,-0.35,2,0.2,0.1,0.15,60,41.62,1023,984,11,973,0,326,0,242,0,405,0,39,8,1031,405,568,1031,-100081.56,-1073.05,18,44,28,41,23,40,57,722,0,326,0,647
676545,50,-0.06,-0.01,-0.4,-0.35,2,0.2,0.1,0.15,60,64.95,1020,981,8,973,586,0,0,341,0,46,0,39,11,1031,632,341,1031,143967.34,1476.27,181,123,106,67,53,28,16,399,586,0,0,387
676546,50,-0.06,-0.01,-0.4,-0.35,2,0.2,0.2,0.15,20,56.6,1023,984,7,977,163,130,294,0,390,0,0,39,8,1031,553,424,1031,242492.95,2494.11,36,90,90,761,0,0,0,0,163,130,684,0
676547,50,-0.06,-0.01,-0.4,-0.35,2,0.2,0.2,0.15,20,56.35,1023,984,8,976,0,131,295,0,550,0,0,39,8,1031,550,426,1031,231229.88,2398.35,18,44,28,886,0,0,0,0,0,131,845,0
676548,50,-0.06,-0.01,-0.4,-0.35,2,0.2,0.2,0.15,20,58.83,1020,981,7,974,165,0,401,0,408,0,0,39,11,1031,573,401,1031,303460.65,3114.72,18,46,62,848,0,0,0,0,165,0,809,0
676549,50,-0.06,-0.01,-0.4,-0.35,2,0.2,0.2,0.15,30,49.95,1023,984,9,975,233,193,295,0,254,0,0,39,8,1031,487,488,1031,147549.0,1519.66,36,90,90,77,64,618,0,0,233,193,549,0
676550,50,-0.06,-0.01,-0.4,-0.35,2,0.2,0.2,0.15,30,48.61,1023,984,11,973,0,194,306,0,473,0,0,39,8,1031,473,500,1031,79878.55,851.1,18,44,28,41,23,819,0,0,0,194,779,0
676551,50,-0.06,-0.01,-0.4,-0.35,2,0.2,0.2,0.15,30,54.42,1020,981,9,972,243,0,443,0,286,0,0,39,11,1031,529,443,1031,251161.31,2573.34,18,46,62,39,44,763,0,0,243,0,729,0
676552,50,-0.06,-0.01,-0.4,-0.35,2,0.2,0.2,0.15,40,45.95,1023,984,9,975,260,291,198,38,93,95,0,39,8,1031,448,527,1031,46688.17,491.21,36,90,90,77,64,69,69,480,260,291,291,133
676553,50,-0.06,-0.01,-0.4,-0.35,2,0.2,0.2,0.15,40,43.06,1023,984,11,973,0,297,218,39,184,235,0,39,8,1031,419,554,1031,-59402.65,-645.04,18,44,28,41,23,40,57,722,0,297,402,274
676554,50,-0.06,-0.01,-0.4,-0.35,2,0.2,0.2,0.15,40,50.41,1020,981,9,972,277,0,412,70,96,117,0,39,11,1031,490,482,1031,143171.73,1467.31,18,46,62,39,44,34,25,704,277,0,508,187
676555,50,-0.06,-0.01,-0.4,-0.35,2,0.2,0.2,0.15,50,45.44,1023,984,9,975,265,317,0,215,0,178,0,39,8,1031,443,532,1031,25109.12,268.91,36,90,90,77,64,69,69,480,265,317,0,393
676556,50,-0.06,-0.01,-0.4,-0.35,2,0.2,0.2,0.15,50,41.62,1023,984,11,973,0,326,0,242,0,405,0,39,8,1031,405,568,1031,-100081.56,-1073.05,18,44,28,41,23,40,57,722,0,326,0,647
676557,50,-0.06,-0.01,-0.4,-0.35,2,0.2,0.2,0.15,50,50.1,1020,981,9,972,282,0,0,485,0,205,0,39,11,1031,487,485,1031,90468.93,929.04,18,46,62,39,44,34,25,704,282,0,0,690
676558,50,-0.06,-0.01,-0.4,-0.35,2,0.2,0.2,0.15,60,45.44,1023,984,9,975,265,317,0,215,0,178,0,39,8,1031,443,532,1031,25109.12,268.91,36,90,90,77,64,69,69,480,265,317,0,393
676559,50,-0.06,-0.01,-0.4,-0.35,2,0.2,0.2,0.15,60,41.62,1023,984,11,973,0,326,0,242,0,405,0,39,8,1031,405,568,1031,-100081.56,-1073.05,18,44,28,41,23,40,57,722,0,326,0,647
676560,50,-0.06,-0.01,-0.4,-0.35,2,0.2,0.2,0.15,60,50.1,1020,981,9,972,282,0,0,485,0,205,0,39,11,1031,487,485,1031,90468.93,929.04,18,46,62,39,44,34,25,704,282,0,0,690
676561,50,-0.06,-0.01,-0.4,-0.3,1,0.1,0.1,0.15,20,60.82,1949,1896,10,1886,828,209,530,0,319,0,1,52,14,1963,1147,739,1963,346664.91,3536.56,321,294,235,1036,0,0,0,0,828,209,849,0
676562,50,-0.06,-0.01,-0.4,-0.3,1,0.1,0.1,0.15,20,56.59,1949,1896,14,1882,0,222,595,0,1065,0,1,52,14,1963,1065,817,1963,414774.07,4266.81,31,69,54,1728,0,0,0,0,0,222,1660,0
676563,50,-0.06,-0.01,-0.4,-0.3,1,0.1,0.1,0.15,20,62.29,1946,1893,10,1883,839,0,710,0,334,0,1,52,17,1963,1173,710,1963,402969.93,4075.82,290,227,187,1179,0,0,0,0,839,0,1044,0
676564,50,-0.06,-0.01,-0.4,-0.3,1,0.1,0.1,0.15,30,59.97,1949,1896,15,1881,979,309,444,0,149,0,1,52,14,1963,1128,753,1963,282444.74,2885.99,321,294,235,187,129,715,0,0,979,309,593,0
676565,50,-0.06,-0.01,-0.4,-0.3,1,0.1,0.1,0.15,30,48.99,1949,1896,22,1874,0,333,623,0,918,0,1,52,14,1963,918,956,1963,144688.11,1523.33,31,69,54,68,38,1614,0,0,0,333,1541,0
676566,50,-0.06,-0.01,-0.4,-0.3,1,0.1,0.1,0.15,30,63.31,1946,1893,15,1878,1015,0,689,0,174,0,1,52,17,1963,1189,689,1963,395105.06,4000.0,290,227,187,135,111,928,0,0,1015,0,863,0
676567,50,-0.06,-0.01,-0.4,-0.3,1,0.1,0.1,0.15,40,59.01,1949,1896,15,1881,1038,466,249,56,42,30,1,52,14,1963,1110,771,1963,158703.46,1617.1,321,294,235,187,129,122,123,470,1038,466,291,86
676568,50,-0.06,-0.01,-0.4,-0.3,1,0.1,0.1,0.15,40,42.41,1949,1896,24,1872,0,539,457,82,373,421,1,52,14,1963,794,1078,1963,-126214.12,-1327.2,31,69,54,68,38,73,114,1425,0,539,830,503
676569,50,-0.06,-0.01,-0.4,-0.3,1,0.1,0.1,0.15,40,62.83,1946,1893,15,1878,1083,0,576,122,48,49,1,52,17,1963,1180,698,1963,269381.99,2706.11,290,227,187,135,111,65,42,821,1083,0,624,171
676570,50,-0.06,-0.01,-0.4,-0.3,1,0.1,0.1,0.15,50,58.8,1949,1896,15,1881,1038,487,0,288,0,68,1,52,14,1963,1106,775,1963,134122.07,1363.03,321,294,235,187,129,122,123,470,1038,487,0,356
676571,50,-0.06,-0.01,-0.4,-0.3,1,0.1,0.1,0.15,50,41.24,1949,1896,24,1872,0,587,0,513,0,772,1,52,14,1963,772,1100,1963,-207752.51,-2181.51,31,69,54,68,38,73,114,1425,0,587,0,1285
676572,50,-0.06,-0.01,-0.4,-0.3,1,0.1,0.1,0.15,50,62.78,1946,1893,15,1878,1083,0,0,699,0,96,1,52,17,1963,1179,699,1963,210899.64,2108.71,290,227,187,135,111,65,42,821,1083,0,0,795
676573,50,-0.06,-0.01,-0.4,-0.3,1,0.1,0.1,0.15,60,58.8,1949,1896,15,1881,1038,487,0,288,0,68,1,52,14,1963,1106,775,1963,134122.07,1363.03,321,294,235,187,129,122,123,470,1038,487,0,356
676574,50,-0.06,-0.01,-0.4,-0.3,1,0.1,0.1,0.15,60,41.24,1949,1896,24,1872,0,587,0,513,0,772,1,52,14,1963,772,1100,1963,-207752.51,-2181.51,31,69,54,68,38,73,114,1425,0,587,0,1285
676575,50,-0.06,-0.01,-0.4,-0.3,1,0.1,0.1,0.15,60,62.78,1946,1893,15,1878,1083,0,0,699,0,96,1,52,17,1963,1179,699,1963,210899.64,2108.71,290,227,187,135,111,65,42,821,1083,0,0,795
676576,50,-0.06,-0.01,-0.4,-0.3,1,0.1,0.2,0.15,20,56.72,1949,1896,13,1883,279,221,594,0,789,0,1,52,14,1963,1068,815,1963,444915.36,4561.78,57,147,149,1530,0,0,0,0,279,221,1383,0
676577,50,-0.06,-0.01,-0.4,-0.3,1,0.1,0.2,0.15,20,56.59,1949,1896,14,1882,0,222,595,0,1065,0,1,52,14,1963,1065,817,1963,414774.07,4266.81,31,69,54,1728,0,0,0,0,0,222,1660,0
676578,50,-0.06,-0.01,-0.4,-0.3,1,0.1,0.2,0.15,20,58.03,1946,1893,13,1880,281,0,789,0,810,0,1,52,17,1963,1091,789,1963,502635.05,5115.3,26,78,95,1681,0,0,0,0,281,0,1599,0
676579,50,-0.06,-0.01,-0.4,-0.3,1,0.1,0.2,0.15,30,50.21,1949,1896,20,1876,408,331,603,0,534,0,1,52,14,1963,942,934,1963,282291.86,2928.56,57,147,149,147,110,1266,0,0,408,331,1137,0
676580,50,-0.06,-0.01,-0.4,-0.3,1,0.1,0.2,0.15,30,48.99,1949,1896,22,1874,0,333,623,0,918,0,1,52,14,1963,918,956,1963,144688.11,1523.33,31,69,54,68,38,1614,0,0,0,333,1541,0
676581,50,-0.06,-0.01,-0.4,-0.3,1,0.1,0.2,0.15,30,53.39,1946,1893,20,1873,418,0,873,0,582,0,1,52,17,1963,1000,873,1963,400289.81,4097.07,26,78,95,82,76,1516,0,0,418,0,1455,0
676582,50,-0.06,-0.01,-0.4,-0.3,1,0.1,0.2,0.15,40,45.49,1949,1896,21,1875,483,525,417,80,192,178,1,52,14,1963,853,1022,1963,95300.32,1026.29,57,147,149,147,110,129,141,995,483,525,609,258
676583,50,-0.06,-0.01,-0.4,-0.3,1,0.1,0.2,0.15,40,42.41,1949,1896,24,1872,0,539,457,82,373,421,1,52,14,1963,794,1078,1963,-126214.12,-1327.2,31,69,54,68,38,73,114,1425,0,539,830,503
676584,50,-0.06,-0.01,-0.4,-0.3,1,0.1,0.2,0.15,40,48.99,1946,1893,21,1872,501,0,801,154,199,217,1,52,17,1963,917,955,1963,208157.41,2134.33,26,78,95,82,76,61,48,1406,501,0,1000,371
676585,50,-0.06,-0.01,-0.4,-0.3,1,0.1,0.2,0.15,50,45.01,1949,1896,21,1875,488,570,0,461,0,356,1,52,14,1963,844,1031,1963,44475.1,503.1,57,147,149,147,110,129,141,995,488,570,0,817
676586,50,-0.06,-0.01,-0.4,-0.3,1,0.1,0.2,0.15,50,41.24,1949,1896,24,1872,0,587,0,513,0,772,1,52,14,1963,772,1100,1963,-207752.51,-2181.51,31,69,54,68,38,73,114,1425,0,587,0,1285
676587,50,-0.06,-0.01,-0.4,-0.3,1,0.1,0.2,0.15,50,48.66,1946,1893,21,1872,506,0,0,961,0,405,1,52,17,1963,911,961,1963,111020.56,1141.57,26,78,95,82,76,61,48,1406,506,0,0,1366
676588,50,-0.06,-0.01,-0.4,-0.3,1,0.1,0.2,0.15,60,45.01,1949,1896,21,1875,488,570,0,461,0,356,1,52,14,1963,844,1031,1963,44475.1,503.1,57,147,149,147,110,129,141,995,488,570,0,817
676589,50,-0.06,-0.01,-0.4,-0.3,1,0.1,0.2,0.15,60,41.24,1949,1896,24,1872,0,587,0,513,0,772,1,52,14,1963,772,1100,1963,-207752.51,-2181.51,31,69,54,68,38,73,114,1425,0,587,0,1285
676590,50,-0.06,-0.01,-0.4,-0.3,1,0.1,0.2,0.15,60,48.66,1946,1893,21,1872,506,0,0,961,0,405,1,52,17,1963,911,961,1963,111020.56,1141.57,26,78,95,82,76,61,48,1406,506,0,0,1366
676591,50,-0.06,-0.01,-0.4,-0.3,1,0.2,0.1,0.15,20,60.82,1949,1896,10,1886,828,209,530,0,319,0,1,52,14,1963,1147,739,1963,346664.91,3536.56,321,294,235,1036,0,0,0,0,828,209,849,0
676592,50,-0.06,-0.01,-0.4,-0.3,1,0.2,0.1,0.15,20,56.59,1949,1896,14,1882,0,222,595,0,1065,0,1,52,14,1963,1065,817,1963,414774.07,4266.81,31,69,54,1728,0,0,0,0,0,222,1660,0
676593,50,-0.06,-0.01,-0.4,-0.3,1,0.2,0.1,0.15,20,62.29,1946,1893,10,1883,839,0,710,0,334,0,1,52,17,1963,1173,710,1963,402969.93,4075.82,290,227,187,1179,0,0,0,0,839,0,1044,0
676594,50,-0.06,-0.01,-0.4,-0.3,1,0.2,0.1,0.15,30,59.97,1949,1896,15,1881,979,309,444,0,149,0,1,52,14,1963,1128,753,1963,282444.74,2885.99,321,294,235,187,129,715,0,0,979,309,593,0
676595,50,-0.06,-0.01,-0.4,-0.3,1,0.2,0.1,0.15,30,48.99,1949,1896,22,1874,0,333,623,0,918,0,1,52,14,1963,918,956,1963,144688.11,1523.33,31,69,54,68,38,1614,0,0,0,333,1541,0
676596,50,-0.06,-0.01,-0.4,-0.3,1,0.2,0.1,0.15,30,63.31,1946,1893,15,1878,1015,0,689,0,174,0,1,52,17,1963,1189,689,1963,395105.06,4000.0,290,227,187,135,111,928,0,0,1015,0,863,0
676597,50,-0.06,-0.01,-0.4,-0.3,1,0.2,0.1,0.15,40,59.01,1949,1896,15,1881,1038,466,249,56,42,30,1,52,14,1963,1110,771,1963,158703.46,1617.1,321,294,235,187,129,122,123,470,1038,466,291,86
676598,50,-0.06,-0.01,-0.4,-0.3,1,0.2,0.1,0.15,40,42.41,1949,1896,24,1872,0,539,457,82,373,421,1,52,14,1963,794,1078,1963,-126214.12,-1327.2,31,69,54,68,38,73,114,1425,0,539,830,503
676599,50,-0.06,-0.01,-0.4,-0.3,1,0.2,0.1,0.15,40,62.83,1946,1893,15,1878,1083,0,576,122,48,49,1,52,17,1963,1180,698,1963,269381.99,2706.11,290,227,187,135,111,65,42,821,1083,0,624,171
676600,50,-0.06,-0.01,-0.4,-0.3,1,0.2,0.1,0.15,50,58.8,1949,1896,15,1881,1038,487,0,288,0,68,1,52,14,1963,1106,775,1963,134122.07,1363.03,321,294,235,187,129,122,123,470,1038,487,0,356
676601,50,-0.06,-0.01,-0.4,-0.3,1,0.2,0.1,0.15,50,41.24,1949,1896,24,1872,0,587,0,513,0,772,1,52,14,1963,772,1100,1963,-207752.51,-2181.51,31,69,54,68,38,73,114,1425,0,587,0,1285
676602,50,-0.06,-0.01,-0.4,-0.3,1,0.2,0.1,0.15,50,62.78,1946,1893,15,1878,1083,0,0,699,0,96,1,52,17,1963,1179,699,1963,210899.64,2108.71,290,227,187,135,111,65,42,821,1083,0,0,795
676603,50,-0.06,-0.01,-0.4,-0.3,1,0.2,0.1,0.15,60,58.8,1949,1896,15,1881,1038,487,0,288,0,68,1,52,14,1963,1106,775,1963,134122.07,1363.03,321,294,235,187,129,122,123,470,1038,487,0,356
676604,50,-0.06,-0.01,-0.4,-0.3,1,0.2,0.1,0.15,60,41.24,1949,1896,24,1872,0,587,0,513,0,772,1,52,14,1963,772,1100,1963,-207752.51,-2181.51,31,69,54,68,38,73,114,1425,0,587,0,1285
676605,50,-0.06,-0.01,-0.4,-0.3,1,0.2,0.1,0.15,60,62.78,1946,1893,15,1878,1083,0,0,699,0,96,1,52,17,1963,1179,699,1963,210899.64,2108.71,290,227,187,135,111,65,42,821,1083,0,0,795
676606,50,-0.06,-0.01,-0.4,-0.3,1,0.2,0.2,0.15,20,56.72,1949,1896,13,1883,279,221,594,0,789,0,1,52,14,1963,1068,815,1963,444915.36,4561.78,57,147,149,1530,0,0,0,0,279,221,1383,0
676607,50,-0.06,-0.01,-0.4,-0.3,1,0.2,0.2,0.15,20,56.59,1949,1896,14,1882,0,222,595,0,1065,0,1,52,14,1963,1065,817,1963,414774.07,4266.81,31,69,54,1728,0,0,0,0,0,222,1660,0
676608,50,-0.06,-0.01,-0.4,-0.3,1,0.2,0.2,0.15,20,58.03,1946,1893,13,1880,281,0,789,0,810,0,1,52,17,1963,1091,789,1963,502635.05,5115.3,26,78,95,1681,0,0,0,0,281,0,1599,0
676609,50,-0.06,-0.01,-0.4,-0.3,1,0.2,0.2,0.15,30,50.21,1949,1896,20,1876,408,331,603,0,534,0,1,52,14,1963,942,934,1963,282291.86,2928.56,57,147,149,147,110,1266,0,0,408,331,1137,0
676610,50,-0.06,-0.01,-0.4,-0.3,1,0.2,0.2,0.15,30,48.99,1949,1896,22,1874,0,333,623,0,918,0,1,52,14,1963,918,956,1963,144688.11,1523.33,31,69,54,68,38,1614,0,0,0,333,1541,0
676611,50,-0.06,-0.01,-0.4,-0.3,1,0.2,0.2,0.15,30,53.39,1946,1893,20,1873,418,0,873,0,582,0,1,52,17,1963,1000,873,1963,400289.81,4097.07,26,78,95,82,76,1516,0,0,418,0,1455,0
676612,50,-0.06,-0.01,-0.4,-0.3,1,0.2,0.2,0.15,40,45.49,1949,1896,21,1875,483,525,417,80,192,178,1,52,14,1963,853,1022,1963,95300.32,1026.29,57,147,149,147,110,129,141,995,483,525,609,258
676613,50,-0.06,-0.01,-0.4,-0.3,1,0.2,0.2,0.15,40,42.41,1949,1896,24,1872,0,539,457,82,373,421,1,52,14,1963,794,1078,1963,-126214.12,-1327.2,31,69,54,68,38,73,114,1425,0,539,830,503
676614,50,-0.06,-0.01,-0.4,-0.3,1,0.2,0.2,0.15,40,48.99,1946,1893,21,1872,501,0,801,154,199,217,1,52,17,1963,917,955,1963,208157.41,2134.33,26,78,95,82,76,61,48,1406,501,0,1000,371
676615,50,-0.06,-0.01,-0.4,-0.3,1,0.2,0.2,0.15,50,45.01,1949,1896,21,1875,488,570,0,461,0,356,1,52,14,1963,844,1031,1963,44475.1,503.1,57,147,149,147,110,129,141,995,488,570,0,817
676616,50,-0.06,-0.01,-0.4,-0.3,1,0.2,0.2,0.15,50,41.24,1949,1896,24,1872,0,587,0,513,0,772,1,52,14,1963,772,1100,1963,-207752.51,-2181.51,31,69,54,68,38,73,114,1425,0,587,0,1285
676617,50,-0.06,-0.01,-0.4,-0.3,1,0.2,0.2,0.15,50,48.66,1946,1893,21,1872,506,0,0,961,0,405,1,52,17,1963,911,961,1963,111020.56,1141.57,26,78,95,82,76,61,48,1406,506,0,0,1366
676618,50,-0.06,-0.01,-0.4,-0.3,1,0.2,0.2,0.15,60,45.01,1949,1896,21,1875,488,570,0,461,0,356,1,52,14,1963,844,1031,1963,44475.1,503.1,57,147,149,147,110,129,141,995,488,570,0,817
676619,50,-0.06,-0.01,-0.4,-0.3,1,0.2,0.2,0.15,60,41.24,1949,1896,24,1872,0,587,0,513,0,772,1,52,14,1963,772,1100,1963,-207752.51,-2181.51,31,69,54,68,38,73,114,1425,0,587,0,1285
676620,50,-0.06,-0.01,-0.4,-0.3,1,0.2,0.2,0.15,60,48.66,1946,1893,21,1872,506,0,0,961,0,405,1,52,17,1963,911,961,1963,111020.56,1141.57,26,78,95,82,76,61,48,1406,506,0,0,1366
676621,50,-0.06,-0.01,-0.4,-0.3,2,0.1,0.1,0.15,20,64.26,1949,1896,10,1886,888,208,466,0,324,0,1,52,14,1963,1212,674,1963,490007.61,5821.31,327,315,257,987,0,0,0,0,888,208,790,0
676622,50,-0.06,-0.01,-0.4,-0.3,2,0.1,0.1,0.15,20,60.1,1949,1896,14,1882,0,222,529,0,1131,0,1,52,14,1963,1131,751,1963,618368.61,6940.47,31,69,54,1728,0,0,0,0,0,222,1660,0
676623,50,-0.06,-0.01,-0.4,-0.3,2,0.1,0.1,0.15,20,67.18,1946,1893,10,1883,920,0,618,0,345,0,1,52,17,1963,1265,618,1963,585445.87,6558.97,296,251,218,1118,0,0,0,0,920,0,963,0
676624,50,-0.06,-0.01,-0.4,-0.3,2,0.1,0.1,0.15,30,64.01,1949,1896,15,1881,1051,303,374,0,153,0,1,52,14,1963,1204,677,1963,459967.04,6033.43,327,315,257,197,142,643,0,0,1051,303,527,0
676625,50,-0.06,-0.01,-0.4,-0.3,2,0.1,0.1,0.15,30,52.24,1949,1896,22,1874,0,333,562,0,979,0,1,52,14,1963,979,895,1963,357226.56,5167.63,31,69,54,68,38,1614,0,0,0,333,1541,0
676626,50,-0.06,-0.01,-0.4,-0.3,2,0.1,0.1,0.15,30,69.38,1946,1893,15,1878,1120,0,575,0,183,0,1,52,17,1963,1303,575,1963,670595.9,7364.69,296,251,218,155,125,833,0,0,1120,0,758,0
676627,50,-0.06,-0.01,-0.4,-0.3,2,0.1,0.1,0.15,40,63.74,1949,1896,15,1881,1117,452,194,36,56,26,1,52,14,1963,1199,682,1963,300066.59,5511.28,327,315,257,197,142,116,122,405,1117,452,250,62
676628,50,-0.06,-0.01,-0.4,-0.3,2,0.1,0.1,0.15,40,46.47,1949,1896,24,1872,0,539,403,60,427,443,1,52,14,1963,870,1002,1963,-31963.43,3247.76,31,69,54,68,38,73,114,1425,0,539,830,503
676629,50,-0.06,-0.01,-0.4,-0.3,2,0.1,0.1,0.15,40,69.86,1946,1893,15,1878,1208,0,480,86,68,36,1,52,17,1963,1312,566,1963,522846.01,6938.84,296,251,218,155,125,75,50,708,1208,0,548,122
676630,50,-0.06,-0.01,-0.4,-0.3,2,0.1,0.1,0.15,50,62.95,1949,1896,15,1881,1117,469,0,228,0,67,1,52,14,1963,1184,697,1963,262276.45,5304.15,327,315,257,197,142,116,122,405,1117,469,0,295
676631,50,-0.06,-0.01,-0.4,-0.3,2,0.1,0.1,0.15,50,44.71,1949,1896,24,1872,0,587,0,448,0,837,1,52,14,1963,837,1035,1963,-159007.33,2454.51,31,69,54,68,38,73,114,1425,0,587,0,1285
676632,50,-0.06,-0.01,-0.4,-0.3,2,0.1,0.1,0.15,50,69.33,1946,1893,15,1878,1209,0,0,576,0,93,1,52,17,1963,1302,576,1963,423106.24,6415.58,296,251,218,155,125,75,50,708,1209,0,0,669
676633,50,-0.06,-0.01,-0.4,-0.3,2,0.1,0.1,0.15,60,62.95,1949,1896,15,1881,1117,469,0,228,0,67,1,52,14,1963,1184,697,1963,262276.45,5304.15,327,315,257,197,142,116,122,405,1117,469,0,295
676634,50,-0.06,-0.01,-0.4,-0.3,2,0.1,0.1,0.15,60,44.71,1949,1896,24,1872,0,587,0,448,0,837,1,52,14,1963,837,1035,1963,-159007.33,2454.51,31,69,54,68,38,73,114,1425,0,587,0,1285
676635,50,-0.06,-0.01,-0.4,-0.3,2,0.1,0.1,0.15,60,69.33,1946,1893,15,1878,1209,0,0,576,0,93,1,52,17,1963,1302,576,1963,423106.24,6415.58,296,251,218,155,125,75,50,708,1209,0,0,669
676636,50,-0.06,-0.01,-0.4,-0.3,2,0.1,0.2,0.15,20,60.17,1949,1896,13,1883,303,221,529,0,830,0,1,52,14,1963,1133,750,1963,655095.34,7232.76,57,150,156,1520,0,0,0,0,303,221,1359,0
676637,50,-0.06,-0.01,-0.4,-0.3,2,0.1,0.2,0.15,20,60.1,1949,1896,14,1882,0,222,529,0,1131,0,1,52,14,1963,1131,751,1963,618368.61,6940.47,31,69,54,1728,0,0,0,0,0,222,1660,0
676638,50,-0.06,-0.01,-0.4,-0.3,2,0.1,0.2,0.15,20,63.03,1946,1893,13,1880,309,0,695,0,876,0,1,52,17,1963,1185,695,1963,753052.6,8012.58,26,81,104,1669,0,0,0,0,309,0,1571,0
676639,50,-0.06,-0.01,-0.4,-0.3,2,0.1,0.2,0.15,30,53.68,1949,1896,20,1876,451,331,538,0,556,0,1,52,14,1963,1007,869,1963,529345.57,6658.18,57,150,156,161,122,1230,0,0,451,331,1094,0
676640,50,-0.06,-0.01,-0.4,-0.3,2,0.1,0.2,0.15,30,52.24,1949,1896,22,1874,0,333,562,0,979,0,1,52,14,1963,979,895,1963,357226.56,5167.63,31,69,54,68,38,1614,0,0,0,333,1541,0
676641,50,-0.06,-0.01,-0.4,-0.3,2,0.1,0.2,0.15,30,58.73,1946,1893,20,1873,480,0,773,0,620,0,1,52,17,1963,1100,773,1963,760716.72,8142.65,26,81,104,98,99,1465,0,0,480,0,1393,0
676642,50,-0.06,-0.01,-0.4,-0.3,2,0.1,0.2,0.15,40,49.97,1949,1896,21,1875,529,522,357,59,229,179,1,52,14,1963,937,938,1963,255982.42,5692.82,57,150,156,161,122,136,143,950,529,522,586,238
676643,50,-0.06,-0.01,-0.4,-0.3,2,0.1,0.2,0.15,40,46.47,1949,1896,24,1872,0,539,403,60,427,443,1,52,14,1963,870,1002,1963,-31963.43,3247.76,31,69,54,68,38,73,114,1425,0,539,830,503
676644,50,-0.06,-0.01,-0.4,-0.3,2,0.1,0.2,0.15,40,55.34,1946,1893,21,1872,566,0,716,120,251,219,1,52,17,1963,1036,836,1963,478121.87,7176.66,26,81,104,98,99,72,49,1343,566,0,967,339
676645,50,-0.06,-0.01,-0.4,-0.3,2,0.1,0.2,0.15,50,48.85,1949,1896,21,1875,533,566,0,393,0,383,1,52,14,1963,916,959,1963,172036.57,5241.71,57,150,156,161,122,136,143,950,533,566,0,776
676646,50,-0.06,-0.01,-0.4,-0.3,2,0.1,0.2,0.15,50,44.71,1949,1896,24,1872,0,587,0,448,0,837,1,52,14,1963,837,1035,1963,-159007.33,2454.51,31,69,54,68,38,73,114,1425,0,587,0,1285
676647,50,-0.06,-0.01,-0.4,-0.3,2,0.1,0.2,0.15,50,54.54,1946,1893,21,1872,570,0,0,851,0,451,1,52,17,1963,1021,851,1963,301961.56,6265.63,26,81,104,98,99,72,49,1343,570,0,0,1302
676648,50,-0.06,-0.01,-0.4,-0.3,2,0.1,0.2,0.15,60,48.85,1949,1896,21,1875,533,566,0,393,0,383,1,52,14,1963,916,959,1963,172036.57,5241.71,57,150,156,161,122,136,143,950,533,566,0,776
676649,50,-0.06,-0.01,-0.4,-0.3,2,0.1,0.2,0.15,60,44.71,1949,1896,24,1872,0,587,0,448,0,837,1,52,14,1963,837,1035,1963,-159007.33,2454.51,31,69,54,68,38,73,114,1425,0,587,0,1285
676650,50,-0.06,-0.01,-0.4,-0.3,2,0.1,0.2,0.15,60,54.54,1946,1893,21,1872,570,0,0,851,0,451,1,52,17,1963,1021,851,1963,301961.56,6265.63,26,81,104,98,99,72,49,1343,570,0,0,1302
